!!"	!!«
!"	!«
!“	!«
!”	!«
"	»
"...	»...
,"	,«
,“	,«
,”	,«
."	.«
...!"	...!«
...!!"	...!!«
..."	...«
.“	.«
.”	.«
?!"	?!«
?!“	?!«
?!”	?!«
?"	?«
?“	?«
?”	?«
«...	»...
—!"	—!«
—"	—«
—“	—«
—”	—«
“	«
“,	«,
“.	«.
“.“	«.«
”	«
”.	«.
„	»
„—	»—
€3	Es
0h	Oh
1ch	ich
3eigt	Zeigt
5chraut	Schraut
aanz	ganz
Abemnals	Abermals
Abendftunde	Abendstunde
Abendmind	Abendwind
Abennals	Abermals
Abentenern	Abenteuern
Abenteuem	Abenteuer
abergliiubisch	abergläubisch
Aberinals	Abermals
Abermais	Abermals
Abernrals	Abermals
Abevinals	Abermals
Abewdausgabe	Abendausgabe
Abfchnitten	Abschnitten
abgerusen	abgerufen
abgeschiittelt	abgeschüttelt
abgesiihrt	abgeführt
abnabm	abnahm
Abnungslosen	Ahnungslosen
Abreife	Abreise
abreifen	abreisen
Absahrt	Abfahrt
absassen	abfassen
Absiurz	Absturz
abstreisen	abstreifen
achfelzuchend	achselzuckend
achselzucbend	achselzuckend
achselzuchend	achselzuckend
achtechigen	achteckigen
Achterdcck	Achterdeck
Achtevdeck	Achterdeck
Adelslireise	Adelskreise
adergläubischen	abergläubischen
aelangen	gelangen
aemacht	gemacht
aeöffnet	geöffnet
Aermsien	Aermsten
aerschwand	verschwand
aesetzt	gesetzt
aesuchte	gesuchte
aesvielt	gespielt
Aeußerwng	Aeußerung
Aeuszeren	Aeußeren
Aeuszerungen	Aeußerungen
aewesen	gewesen
Afrilias	Afrikas
Agvarier	Agrarier
Aher	Aber
ahgeplattete	abgeplattete
Ahlehen	Ableben
Ahnngslosen	Ahnugslosen
Ahre	Ihre
Ahrem	Ihrem
Ahren	Ihren
Ahr	Ihr
aht	acht
ahzeichnete	abzeichnete
Aiich	Auch
aiies	alles
aile	alle
Ain	Am
ais	als
aites	altes
al	all
alänzend	glänzend
Albntros	Albatros
alden	alten
alfo	also
Alfo	Also
Alhairos	Albatros
Alien	Alten
Alier	Aber
alier	aller
aljo	also
Allevdings	Allerdings
Allgemeinbildusng	Allgemeinbildung
allo	also
alS	als
altehrmiirdigen	altehrwürdigen
altertiimliche	altertümliche
altertiimlichen	altertümlichen
Altertumsmsuseum	Altertumsmuseum
Altsvadt	Altstadt
Amch	Auch
Ameisenhausen	Ameisenhaufen
Amerilianer	Amerikaner
Amerjbaner	Amerikaner
Amstrich	Anstrich
Amtsoorsteher	Amtsvorsteher
anaenommen	angenommen
Anast	Angst
anblebte	anklebte
anch	auch
andeve	andere
and	und
anf	auf
Anfchrift	Anschrift
anfgetaucht	aufgetaucht
angelie	angelte
Angen	Augen
angestistet	angestiftet
Anhähen	Anhöhen
Ankiinsdigung	Ankündigung
Anklopsen	Anklopfen
anlausen	anlaufen
Anlegebriiche	Anlegebrücke
Anlegebriicke	Anlegebrücke
anprjes	anpries
anriickte	anrückte
Ansall	Anfall
Ansälle	Anfälle
Anschrist	Anschrift
ansgebessert	ausgebessert
ansgepliindert	ausgeplündert
Ansrage	Anfrage
Ansragen	Anfragen
ansruhen	ausruhen
änßerste	äußerste
Ansteciimotor	Ansteckmotor
Antiquitätenfalon	Antiquitätensalon
Antmorten	Antworten
Anto	Auto
Antsorten	Antworten
Anziige	Anzüge
Anzijge	Anzeige
anzuzmeifeln	anzuzweifeln
anzweiselst	anzweifelst
Apothekendiifte	Apothekendüfte
Arabser	Araber
arald	Harald
Arasbern	Arabern
Arbeitszimnier	Arbeitszimmer
Arbeitszinmner	Arbeitszimmer
Arbeitszinrmer	Arbeitszimmer
argwiihnte	argwöhnte
argwöbnte	argwöhnte
Aristobrat	Aristokrat
Armhand	Armband
ärnilicher	ärmlicher
aroßen	großen
Arsaber	Araber
arst	Harst
asber	aber
asuf	auf
asz	aß
aszen	aßen
atte	hatte
Attendat	Attentat
auc	auch
aud	auch
aufblären	aufklären
aufdechen	aufdecken
aufgedeclit	aufgedeckt
aufgefucht	aufgesucht
aufgehäugt	aufgehängt
aufgekniipft	aufgeknüpft
aufknüpsen	aufknüpfen
aufmerlisam	aufmerksam
Aufshub	Aufschub
aufspiiren	aufspüren
Auftabt	Auftakt
aufziihlen	aufzählen
Augenblich	Augenblick
Augenblickl	Augenblick!
auh	auch
aui	auf
auittiert	quittiert
aurid	zurück
ausaefischt	aufgefischt
ausbewahrt	aufbewahrt
ausborchen	aushorchen
Ausbriichen	Ausbrüchen
ausdriichte	ausdrückte
Ausdruchsweise	Ausdrucksweise
Ausfiihrgeschäfte	Ausfuhrgeschäfte
Ausfliige	Ausflüge
ausgebaufen	ausgelaufen
ausgefunden	aufgefunden
ausgehäufte	aufgehäufte
ausgeiiesert	ausgeliefert
ausgekliigelt	ausgeklügelt
ausgekliigelten	ausgeklügelten
ausgelebt	aufgelebt
ausgeliliigelte	ausgeklügelte
ausgepliindert	ausgeplündert
ausgetaucht	aufgetaucht
ausgeweichte	aufgeweichte
aushändjgen	aushändigen
aushlies	ausblies
aushöre	aufhöre
Auskiinfte	Auskünfte
Ausläuser	Ausläufer
Ausliinder	Ausländer
Ausmeis	Ausweis
ausmunternd	aufmunternd
ausniitzen	ausnützen
Ausrecht	Aufrecht
ausregend	aufregend
Ausregung	Aufregung
aussallend	auffallend
aussallendes	auffallendes
auß	aus
Ausschrift	Aufschrift
ausschütien	ausschütten
ausser	außer
außerdein	außerdem
äußerfte	äußerste
Ausseufzen	Aufseufzen
außevdem	außerdem
Außevdem	Außerdem
aussiihren	ausführen
Aussmachung	Aufsmachung
Ausstande	Aufstande
Austansch	Austausch
austauchte	auftauchte
austischte	auftischte
Austrag	Auftrag
Austrag	Austrag
auszer	außer
Ausziige	Auszüge
auszufchalten	auszuschalten
auszuhiindigen	auszuhändigen
auszukliigeln	auszuklügeln
auszupaclien	auszupacken
auszuspüren	aufzuspüren
aut	gut
auth	auch
Autogavage	Autogarage
au	zu
Avmband	Armband
avs	aus
Azt	Arzt
Babavia	Batavia
babe	habe
baben	haben
Bachbovdwand	Backbordwand
baft	hast
Bahnhos	Bahnhof
Bahnhoss	Bahnhofs
Bahnstreche	Bahnstrecke
balb	halb
Balkonaeländer	Balkongeländer
Balkontiir	Balkontür
Ballion	Balkon
Bambusbrüclie	Bambusbrücke
Bambushiitte	Bambushütte
bam	kam
Bangkoli	Bangkok
Bangliok	Bangkok
Banglioli	Bangkok
Bankmdte	Banknote
Bänme	Bäume
bann	dann
bann	kann
Baraid	Harald
Bari	Bart
barst	Harst
Barst	Harst
bärtia	bärtig
baß	laß
Batabia	Batavia
Bataoia	Batavia
Batauia	Batavia
batte	hatte
batten	hatten
Bauchringen	Rauchringen
Bauchringe	Rauchringe
Bause	Pause
Bawde	Bande
Bbute	Blute
Beareifst	Begreifst
beauftvagt	beauftragt
bebam	bekam
Bebannter	Bekannter
bebauschte	belauschte
beberzte	beherzte
Becheri	Bechert
bedecliten	bedeckten
Bedeutng	Bedeutug
bedrüclit	bedrückt
befaß	besaß
beffer	besser
befiken	besitzen
befuchen	besuchen
befveit	befreit
begreise	begreife
Begriißung	Begrüßung
Beibdot	Beiboot
beiben	beiden
Beilin	Berlin
Beinhleider	Beinkleider
belephonierte	telephonierte
Belienner	Bekenner
belommen	bekommen
Belt	Welt
Bemeggriinde	Beweggründe
bemerkie	bemerkte
bemerlit	bemerkt
bemiiht	bemüht
Bemußtlosigkeit	Bewußtlosigkeit
bennen	kennen
benugt	benutzt
beobachden	beobachten
beobachdet	beobachtet
beoegnet	begegnet
beohachtet	beobachtet
beraus	heraus
ber	der
Berehrtester	Verehrtester
Berfall	Verfall
Bergstvaße	Bergstraße
beriichtigte	berüchtigte
beriichtigten	berüchtigten
beriilkmte	berühmte
Beriiner	Berliner
Bernf	Beruf
beroubt	beraubt
Berufsdetelitiv	Berufsdetektiv
Berus	Beruf
Besabung	Besatzung
besahl	befahl
Besahung	Besatzung
Besaljung	Besatzung
besanden	befanden
besassen	besaßen
besäsze	besäße
besaszen	besaßen
Besavung	Besatzung
Beschl	Befehl
Bescitzung	Besatzung
besder	bester
besehle	befehle
besehlend	befehlend
besehlende	befehlende
Besehles	Befehles
besestigte	befestigte
besiimmt	bestimmt
besiiße	besäße
Besinden	Befinden
Besiver	Besitzer
besolgen	befolgen
besörderten	beförderten
bestätiat	bestätigt
bestehknde	bestehende
bestelli	bestellt
Bestiirzung	Bestürzung
bestinnnt	bestimmt
Bestjen	Bestien
betrjfft	betrifft
Betrügerl	Betrüger!
Bettvand	Bettrand
beunrubigt	beunruhigt
beute	heute
bewachrichtigt	benachrichtigt
Beweisstiicke	Beweisstücke
bewerbstelligen	bewerkstelligen
bewiefen	bewiesen
Bezirksath	Bezirksarzt
Biahnhof	Bahnhof
Biber	Aber
Bibliotheb	Bibliothek
Bibliotheii	Bibliothek
Bibliotheli	Bibliothek
bie	die
bieiben	bleiben
bierher	hierher
bier	hier
Bier	hier
biieb	blieb
Biindel	Bündel
Biische	Büsche
Biischen	Büschen
binein	hinein
binterlistige	hinterlistige
biöher	bisher
biond	blond
bionde	blonde
bir	wir
Bir	Wir
Bittermadelölgeruch	Bittermandelölgeruch
blärten	klärten
Blasrahr	Blasrohr
Blddsinn	Blödsinn
Bleiftift	Bleistift
Bleistist	Bleistift
Blichen	Blicken
Blicli	Blick
Bliclre	Blicke
blicte	blickte
Blide	Blicke
Bliden	Blicken
Bliicherstraße	Blücherstraße
Blik	Blick
Blindleh	Blindley
Blindlen	Blindley
blingelte	klingelte
blinlienden	blinkenden
Blödsinnl	Blödsinn!
Bluch	Auch
Blumenverliäuferin	Blumenverkäuferin
Blutfpritzer	Blutspritzer
Bluto	Auto
blutriinstige	blutrünstige
Blutstrabl	Blutstrahl
Bmhmanen	Brahmanen
Bnngalow	Bungalow
Bnreau	Bureau
Bnrfchen	Burschen
Bogensenster	Bogenfenster
boher	hoher
Bombav	Bombay
bon	von
Bootshasens	Bootshafens
Bootssieg	Bootssteg
Bordmände	Bordwände
Bordwmtd	Bordwand
Börsengeschästen	Börsengeschäften
Boulevavd	Boulevard
Bovd	Bord
bovgen	borgen
brachde	brachte
brahten	brachten
Bratkartofseln	Bratkartoffeln
braudte	brauchte
Brdtkrmnen	Brotkrumen
Brecheiscn	Brecheisen
Brecljeisen	Brecheisen
Briag	Brigg
Briefbegen	Briefbogen
Brieftafche	Brieftasche
Brieftosche	Brieftasche
Briefuinschlag	Briefumschlag
Bries	Brief
Briese	Briefe
Briesöffner	Brieföffner
Briestext	Brieftext
Briicke	Brücke
Briiclie	Brücke
Briider	Brüder
briillte	brüllte
briisten	brüsten
briitete	brütete
Brjefbogen	Briefbogen
Brjgg	Brigg
brüdig	brüchig
Bsahnhof	Bahnhof
Bubenstiick	Bubenstück
bübfch	hübsch
büclilingte	bücklingte
bücte	bückte
büdte	bückte
Bulidoggen	Bulldoggen
bümmere	kümmere
Bunaalow	Bungalow
Bungalaw	Bungalow
Bungaloms	Bungalows
Bureautiiren	Bureautüren
bürfie	dürfte
Bürgerfteig	Bürgersteig
Busett	Buffet
Buveau	Bureau
bvingen	bringen
bwld	bald
cady	Lady
Casee	Cafee
Cecjl	Cecil
Chanffeiir	Chauffeur
Chanfsee	Chaussee
Chaufseur	Chauffeur
Chausfeur	Chauffeur
Chausseur	Chauffeur
Chemilier	Chemiker
Chesingenieur	Chefingenieur
ch	ich
Chinefe	Chinese
chinesifche	chinesische
Chjnese	Chinese
Chlorosorm	Chloroform
Chr	Ihr
Ciir	Tür
Cin	Ein
Cm	Im
Cr	Er
Cs	Es
ctas	etwas
cud	auch
da8	daß
daan	dann
dab	daß
daB	daß
Dachballien	Dachbalken
Dachlube	Dachluke
dadellosen	tadellosen
daf	das
Dafein	Dasein
dafiir	dafür
dah	daß
dahei	dabei
dahiniagte	dahinjagte
dak	daß
Dalast	Palast
Dallö	Vallö
Dalperlon	Palperlon
Dampser	Dampfer
Dampsers	Dampfers
Dangsam	Langsam
dänifchen	dänischen
Danipfer	Dampfer
Danipfers	Dampfers
Danli	Dank
Danlie	Danke
Darald	Harald
dariiber	darüber
Dariiber	Darüber
dars	darf
Darst	Harst
Dartie	Partie
daS	das
dasiir	dafür
Dasiir	Dafür
dask	daß
dass	daß
dasz	daß
Dasz	Daß
dat	daß
Dater	Vater
dauan	daran
Daumenabdruch	Daumenabdruck
Dauor	Davor
Dauunter	Darunter
Davan	Daran
davan	davon
davaus	daraus
davonstiirmte	davonstürmte
davonzukonnnen	davonzukommen
davonzustiirmen	davonzustürmen
Dch	Ich
Decb	Deck
Dech	Deck
Dechel	Deckel
Dechenlampe	Deckenlampe
Decii	Deck
Deciiel	Deckel
Deckenlainpe	Deckenlampe
Decli	Deck
Decliel	Deckel
Dede	Decke
Dedektiv	Detektiv
Dedel	Deckel
degleichen	begleichen
deherrschte	beherrschte
dei	bei
Deidacht	Verdacht
Delektjv	Detektiv
deleuchtete	beleuchtete
demfelben	demselben
deni	dem
Denkerlropf	Denkerkopf
denlie	denke
Denlien	Denken
denlit	denkt
Denselhen	Denselben
Dentilators	Ventilators
Depefche	Depesche
depefchiert	depeschiert
Deranda	Veranda
derbergen	verbergen
Derbiindeten	Verbündeten
Derbiindeter	Verbündeter
Derbindungstiir	Verbindungstür
Derbleib	Verbleib
Derbrechens	Verbrechens
Derbrecherbunde	Verbrecherbunde
Derbrechergenie	Verbrechergenie
Derbrecherlaufbahn	Verbrecherlaufbahn
Derbrechern	Verbrechern
Derbrechers	Verbrechers
Derbrecher	Verbrecher
Derbündeten	Verbündeten
Derbvecher	Verbrecher
Derdachtes	Verdachtes
Derdächtiges	Verdächtiges
Derdachtl	Verdacht!
Derdacht	Verdacht
Derdeck	Verdeck
Deredliing	Veredlung
Derein	Verein
Dereitlung	Vereitlung
Derengerung	Verengerung
Dergeistigung	Vergeistigung
Dergiftung	Vergiftung
Dergiß	Vergiß
Derhafteten	Verhafteten
Derhaftung	Verhaftung
derhastet	verhaftet
Derhör	Verhör
Derhrechergehirn	Verhrechergehirn
Derke	Decke
Derkleidung	Verkleidung
Derlassen	Verlassen
Derlaufe	Verlaufe
Derleumdung	Verleumdung
Derlöbnis	Verlöbnis
Derlobter	Verlobter
Dermummte	Vermummte
Dermutungen	Vermutungen
Derplappert	Verplappert
Derschlag	Verschlag
Derschleierte	Verschleierte
Derschleierungen	Verschleierungen
Derschlusz	Verschluß
Derschwinden	Verschwinden
Dersiihrer	Verführer
Dersprechen	Versprechen
dersprochen	versprochen
Derstecks	Verstecks
Dersteck	Versteck
Derstiimmelte	Verstümmelte
Dertrauten	Vertrauten
Dertrauter	Vertrauter
Dertraute	Vertraute
Derwundeten	Verwundeten
Derzeihung	Verzeihung
deshaib	deshalb
desharb	deshalb
Detebtiv	Detektiv
Detebtive	Detektive
Detekjjv	Detektiv
Detektia	Detektiv
Detektin	Detektiv
Detektine	Detektive
Detektio	Detektiv
Detektioe	Detektive
Detektioen	Detektiven
Detektiopolizei	Detektivpolizei
Detektiuinspektor	Detektivinspektor
Detektivl	Detektiv!
Detektjve	Detektive
Detelitio	Detektiv
Detelitiu	Detektiv
Detelitiv	Detektiv
Detelitiven	Detektiven
Detelrtiv	Detektiv
Detelrtive	Detektive
deudet	deutet
Devandatreppe	Verandatreppe
devart	derart
Devbvecher	Verbrecher
deven	deren
Dh	Ich
Dhm	Ihm
Dhnen	Ihnen
Dh	Oh
Dhrer	Ihrer
Dianmnten	Diamanten
diaß	daß
diasz	daß
dichen	dicken
dichi	dicht
Diciie	Dicke
dicite	dicke
dicse	diese
did	dich
Di	Du
Diebesbaade	Diebesbande
Diebeshande	Diebesbande
diefe	diese
Diefe	Diese
diefem	diesem
diefen	diesen
diefer	dieser
Diefer	Dieser
diefes	dieses
Dieh	Dieb
Dieh	Vieh
diejer	dieser
Dielleicht	Vielleicht
Dielseitigkeit	Vielseitigkeit
dier	der
Dierecken	Vierecken
Diertelmillion	Viertelmillion
Diertel	Viertel
dieseibe	dieselbe
dihf	dicht
Diibel	Dübel
diie	die
diinischen	dänischen
diirfte	dürfte
Diirfte	Dürfte
diirsen	dürfen
diirst	dürft
Dilla	Villa
Dillenkolonie	Villenkolonie
Dinan	Divan
din	bin
Dirat	Pirat
dise	die
Disionen	Visionen
Dision	Vision
Disitenkarten	Visitenkarten
Disitenliarte	Visitenkarte
Dja	Tja
dje	die
Dmnpfers	Dampfers
Dn	Du
dnftete	duftete
dnnn	dann
dnrch	durch
dnsz	daß
docd	doch
doc	doch
dod	doch
dog	doch
doh	doch
Doiitor	Doktor
Dold	Dolch
Dolitor	Doktor
Dolizeidirelitor	Polizeidirektor
Dollbärte	Vollbärte
Dollbart	Vollbart
Donhin	Vorhin
don	von
Doogfton	Doogston
Dorbaus	Vorbaus
Dorbau	Vorbau
Dordach	Vordach
Dorderbeinen	Vorderbeinen
Dorderdeck	Vorderdeck
Dorderflur	Vorderflur
Dorderseite	Vorderseite
Dorfälle	Vorfälle
dorf	dort
Dorfiihrungen	Vorführungen
Dorführungen	Vorführungen
Dorgericht	Vorgericht
Dorhängen	Vorhängen
Dorhänge	Vorhänge
Dorhöfen	Vorhöfen
dori	dort
Dori	Dort
Doriiber	Vorüber
Dorlegeschlosses	Vorlegeschlosses
Dorname	Vorname
Doroaum	Vorraum
Dorplatze	Vorplatze
Dorplatz	Vorplatz
Dorratsraum	Vorratsraum
Dorrecht	Vorrecht
Dorschiff	Vorschiff
Dorschifs	Vorschiff
Dorschisf	Vorschiff
Dorschlag	Vorschlag
Dors	Dorf
Dörser	Dörfer
Dorsichi	Vorsicht
Dorsicht	Vorsicht
Dorsjchtig	Vorsichtig
Dorsprüngen	Vorsprüngen
Dorsprung	Vorsprung
Dorstädte	Vorstädte
dortiae	dortige
Dortritt	Vortritt
dor	vor
Dor	Vor
Dorwand	Vorwand
Dorwärts	Vorwärts
Dorwiirts	Vorwärts
Dorzeichen	Vorzeichen
Drau	Frau
draussen	draußen
drauszen	draußen
dreistiindiger	dreistündiger
driiben	drüben
Driiben	Drüben
driiciite	drückte
driickte	drückte
driiclite	drückte
driisben	drüben
Drinzessin	Prinzessin
Drizen	Prinzen
Drofchke	Droschke
Druchpresse	Druckpresse
Druciiknopf	Druckknopf
drüclit	drückt
Drüde	Drücke
drüdte	drückte
dsann	dann
dsas	das
dsaß	daß
dsem	dem
dsen	den
dser	der
Dser	Der
dsie	die
Dsie	Die
ducbte	duckte
Duchfensters	Dachfensters
Dulkans	Vulkans
dunkelde	dunkelte
dunkelhäuvige	dunkelhäutige
Dunlielwerden	Dunkelwerden
durchans	durchaus
durchmasz	durchmaß
Durchsahrt	Durchfahrt
durchsuhren	durchfuhren
durd	durch
dur	durch
durh	durch
Dürsen	Dürfen
Dust	Duft
duvch	durch
Dvachen	Drachen
dvauf	drauf
dvei	drei
Dy	Du
ebenfo	ebenso
Eche	Ecke
Eclie	Ecke
Ede	Ecke
ed	es
Edwsard	Edward
Eecil	Cecil
Eelegramm	Telegramm
efwa	etwa
Eharles	Charles
Ehauffeur	Chauffeur
Ehausfenr	Chauffeur
Ehegliich	Eheglück
Ehinese	Chinese
Ehinesen	Chinesen
Eiage	Etage
Eie	Sie
einaebaute	eingebaute
einaeschaltet	eingeschaltet
einaesperrt	eingesperrt
Einbäufe	Einkäufe
Einbreiher	Einbrecher
eincn	einen
einein	einem
einfa	einfach
Einfluf	Einfluß
Eingebarener	Eingeborener
eingebeilt	eingekeilt
Eingeborcner	Eingeborener
Eingeborenenuiertel	Eingeborenenviertel
Eingebovenen	Eingeborenen
eingebratzt	eingekratzt
Eingedorene	Eingeborene
eingefchaltet	eingeschaltet
eingeflöszt	eingeflößt
eingehaut	eingebaut
eingehiillt	eingehüllt
eingepaszten	eingepaßten
eingeschlafert	eingeschläfert
eingeschnltet	eingeschaltet
eingescholtet	eingeschaltet
eingetrossen	eingetroffen
eingewicbelt	eingewickelt
eingewickclter	eingewickelter
eingveifen	eingreifen
Einiadung	Einladung
einlausen	einlaufen
Einlnsz	Einlaß
einlöfen	einlösen
Einmiindung	Einmündung
einnral	einmal
einpaszte	einpaßte
einrejchten	einreichten
einriiderigen	einräderigen
Einsach	Einfach
Einsahrt	Einfahrt
Einsall	Einfall
einsallen	einfallen
einschatzt	einschätzt
einschlies	einschlief
Einsgeborenenviertel	Eingeborenenviertel
einsinden	einfinden
einstiesz	einstieß
eintrisst	eintrifft
einwandsrei	einwandfrei
einziaes	einziges
Eirmband	Armband
Eisendechel	Eisendeckel
Eisentiir	Eisentür
Eiser	Eifer
eisgekiihltes	eisgekühltes
Eiskiihler	Eiskühler
elektrifch	elektrisch
elelitrische	elektrische
Elesant	Elefant
Elesanten	Elefanten
Elllerdings	Allerdings
els	elf
Elück	Glück
elvas	etwas
Empfänaer	Empfänger
emporblichte	emporblickte
emporfiihrte	emporführte
endgijltig	endgültig
energjsch	energisch
Engländcr	Engländer
Englander	Engländer
englifchen	englischen
Englifch	Englisch
englishe	englische
englishen	englischen
englisher	englischer
englishes	englisches
Engljsch	Englisch
enilockte	entlockte
enmordet	ermordet
Enoland	England
Entdechnng	Entdeckung
entdecht	entdeckt
entdeciit	entdeckt
Entfiibrte	Entführte
Entfiihrer	Entführer
entfiihrte	entführte
Entfiihrung	Entführung
Entfuhrung	Entführung
entfühtt	entführt
entgejstert	entgeistert
enthiillen	enthüllen
entkloideten	entkleideten
entlanglies	entlanglief
entleidt	entleibt
entlochie	entlockte
entlochte	entlockte
entloclite	entlockte
Entmeichen	Entweichen
entrüchten	entrückten
entschlüpste	entschlüpfte
entsebt	entsetzt
entsernt	entfernt
entserntesten	entferntesten
entseßt	entsetzt
entslohene	entflohene
entslohen	entflohen
enttäufcht	enttäuscht
enttäuschde	enttäuschte
Eobbegräbnisses	Erbbegräbnisses
eonnte	konnte
Eonnte	konnte
Epifode	Episode
Erbbegriibnisses	Erbbegräbnisses
erblichen	erblicken
erblichte	erblickte
Erbsolge	Erbfolge
erbundigen	erbunkigen
erbunkigen	erkundigen
Erdgeschosz	Erdgeschoß
Erdobersläche	Erdoberfläche
Ereppe	Treppe
erfchossen	erschossen
Erfinne	Ersinne
erfte	erste
erften	ersten
erft	erst
Erft	Erst
ergehnislos	ergebnislos
Erhbegräbnisses	Erbbegräbnisses
erhohen	erhoben
eriibrigt	erübrigt
eril	erst
erledlgt	erledigt
Erleuchtiing	Erleuchtung
erliannte	erkannte
Erliennungszeichen	Erkennungszeichen
erlofchen	erloschen
Ermiderung	Erwiderung
ermiederte	erwiederte
ermovdet	ermordet
Ernft	Ernst
Ernressern	Erpressern
erpreszte	erpreßte
ersahren	erfahren
Ersatzbattevien	Ersatzbatterien
erschrechte	erschreckte
ersiihre	erführe
ersiillt	erfüllt
ersinden	erfinden
erstichen	ersticken
erstichte	erstickte
ertvank	ertrank
Erwarie	Erwarte
erwischde	erwischte
erzähien	erzählen
eS	es
ES	Es
eugänzen	ergänzen
Eurapäer	Europäer
Europäeroiertel	Europäerviertel
Europäevn	Europäern
Evdgeschoß	Erdgeschoß
eveignete	ereignete
Eveignissen	Ereignissen
evgänzte	ergänzte
evgriinden	ergründen
evmordet	ermordet
evstaunter	erstaunter
ex	er
Extradlatt	Extrablatt
faate	sagte
Facht	Jacht
faft	fast
fagen	sagen
fagie	sagte
fagte	sagte
Fahres	Jahres
Fahr	Jahr
fah	sah
fahve	fahre
Fa	Ja
falfchen	falschen
falien	fallen
Falltiir	Falltür
fam	kam
fann	kann
faß	saß
fchaltete	schaltete
fcheinbar	scheinbar
fcheues	scheues
fchießen	schießen
fchießt	schießt
fchildere	schildere
fchlosfen	schlossen
fchluchzte	schluchzte
fchnell	schnell
fchnellte	schnellte
fchob	schob
fchon	schon
fchräg	schräg
fchrill	schrill
fchritten	schritten
fchritt	schritt
fch	sich
fchwer	Schwer
fchwerwiegenden	schwerwiegenden
fchwitzte	schwitzte
febten	setzten
Fehber	Fehler
fehen	Sehen
fehr	sehr
feid	seid
fei	sei
felbft	Selbft
felten	Selten
femmelblonde	semmelblonde
fenke	senke
fennen	kennen
feoh	froh
Fernalas	Fernglas
fesizustellen	festzustellen
Fesselng	Fesselug
feßte	setzte
festgeklennnt	festgeklemmt
festschniirte	festschnürte
fhaute	schaute
Fh	Ich
Fhnen	Ihnen
fhon	schon
Fiau	Frau
fib	sich
ficher	sicher
fich	sich
fic	sich
fid	sich
fieben	sieben
fiedt	steckt
fie	sie
fih	sich
fiigte	fügte
fiihlte	fühlte
fiihren	führen
fiihrte	führte
fiihrten	führten
fiiisterte	flüsterte
fiinf	fünf
fiins	fünf
fiirchten	fürchten
fiir	für
find	sind
fiog	flog
Fischdampfen	Fischdampfer
fishe	fische
fi	sich
Fjuch	Fluch
flang	klang
fläßten	flößten
fleine	kleine
fleinen	kleinen
fleiner	kleiner
fleines	kleines
flein	klein
fliisterte	flüsterte
fliisterten	flüsterten
flüfterte	flüsterte
flüsterde	flüsterte
flüsterie	flüsterte
fmglos	fraglos
fmnzösischen	französischen
foaglos	fraglos
fofort	sofort
fogte	sagte
folaten	folgten
folchen	solchen
folde	solche
follen	sollen
folle	solle
foll	soll
follten	sollten
follte	sollte
fol	soll
fondern	sondern
fonft	sonst
fo	so
fövmlich	förmlich
fowohl	sowohl
fpionieren	spionieren
fragie	fragte
fragios	fraglos
fragwiirdigen	fragwürdigen
fragwiirdig	fragwürdig
Fran	Frau
Frechheitl	Frechheit!
freilih	freilich
Fremdenfiihrer	Fremdenführer
Frend	Freund
Frgu	Frau
friib	früh
friiheren	früheren
friiher	früher
friih	früh
frnglos	fraglos
fronnnen	frommen
fruher	früher
frühstiicbten	frühstückten
fschen	sehen
fsraglos	fraglos
ftand	stand
ftark	stark
ftecke	stecke
ftecte	steckte
ftede	stecke
ftedie	steckte
ftedten	steckten
ftedte	steckte
ftedt	steckt
ftehen	stehen
ftehe	stehe
ftehlen	stehlen
fteht	steht
fteigerten	steigerten
ftelle	stelle
ftet	stet
fteuert	steuert
ft	ist
ftumm	stumm
füate	fügte
Fuau	Frau
fübren	führen
fuchte	suchte
fügie	fügte
fuhle	fühle
funs	fünf
Füssen	Füßen
fvaglas	fraglos
fvaglos	fraglos
fvagte	fragte
fvagwiirdige	fragwürdige
fvische	frische
gaanz	ganz
gah	gab
Gahib	Sahib
Gahrzeug	Fahrzeug
gana	ganz
Gartennuauer	Gartenmauer
Gartenpsorte	Gartenpforte
Gaschenlampe	Taschenlampe
Gaschentuch	Taschentuch
Gasliochers	Gaskochers
Gaucheranzug	Taucheranzug
Gauliler	Gaukler
Gbase	Glase
Gberarm	Oberarm
Gberkörper	Oberkörper
Gberleitung	Oberleitung
Gberscheibe	Oberscheibe
Gb	Ob
Gdith	Edith
geaenüber	gegenüber
Geaner	Gegner
gebauden	gebauten
gebaufte	gekaufte
Gebd	Geld
gebiihrt	gebührt
gebiirtige	gebürtige
Gebiisch	Gebüsch
gebijhrt	gebührt
gebnacht	gebracht
Gebnsch	Gebüsch
gebrauchssähig	gebrauchsfähig
gedämpster	gedämpfter
gefährlicheve	gefährlichere
gefärht	gefärbt
gefchafft	geschafft
Gefellfchafterin	Gesellschafterin
Geficht	Gesicht
Gefindel	Gesindel
gefliichtet	geflüchtet
gefpriichig	gesprächig
gefriihstückt	gefrühstückt
gefund	gesund
gegeniiber	gegenüber
gegliiciiter	geglückter
gegliickt	geglückt
Gehäfts	Gehöfts
Geheimnjsses	Geheimnisses
Geheimtiir	Geheimtür
Gehetmtür	Geheimtür
gehiillt	gehüllt
Gehilse	Gehilfe
Gehilsin	Gehilfin
Gehöst	Gehöft
gehts	geht’s
Geid	Geld
Geilhaber	Teilhaber
geknehelt	geknebelt
gekonnnen	gekommen
gelauschi	gelauscht
Gelbild	Oelbild
geletzt	gesetzt
Gelfarbe	Oelfarbe
geliauft	gekauft
geliiftet	gelüftet
geliistet	gelüstet
Gelleinwand	Oelleinwand
Gelmantel	Oelmantel
gelodt	gelockt
gemadjt	gemacht
gemaltige	gewaltige
gemebtes	gewebtes
gemeilt	geweilt
gemesen	gewesen
Gemiisegarten	Gemüsegarten
gemiitlichen	gemütlichen
gemiitlich	gemütlich
Gemiitlichkeit	Gemütlichkeit
genade	gerade
genan	genau
Genieftveich	Geniestreich
geniigend	genügend
geniigen	genügen
Geniig	Genug
geniigte	genügte
geniigten	genügten
geniigt	genügt
genua	genug
genuszreiche	genußreiche
geössnet	geöffnet
gepacht	gepackt
geplünderi	geplündert
Geräden	Geräten
gerauht	geraucht
Geriicht	Gerücht
geriistet	gerüstet
Gerinaschätzung	Geringschätzung
gerjssenen	gerissenen
Gertlichkeit	Oertlichkeit
gerwde	gerade
gesahrlos	gefahrlos
gesahrvollen	gefahrvollen
gesaltetes	gefaltetes
Gesangener	Gefangener
gesangen	gefangen
gesangengehalten	gefangengehalten
gesangennahm	gefangennahm
Gesängnisses	Gefängnisses
Gesängniszelle	Gefängniszelle
gesärbten	gefärbten
gesaßte	gefaßte
Geschäftssreundes	Geschäftsfreundes
Geschäftstiichtigkeit	Geschäftstüchtigkeit
Geschmach	Geschmack
geschmachvoller	geschmackvoller
geschmellt	geschnellt
geschmiickt	geschmückt
geschmockvoll	geschmackvoll
geschwoten	geschworen
gesebt	gesetzt
Geseilschaft	Gesellschaft
Geselltgkeit	Geselligkeit
gesesselten	gefesselten
geseßyt	gesetzt
Gesiatten	Gestatten
Gesichtsziige	Gesichtszüge
Gesichtsziigen	Gesichtszügen
gesiillt	gefüllt
gesiindigt	gesündigt
Gesits	Gesichts
geslickte	geflickte
gesliichtet	geflüchtet
geslohen	geflohen
Gespenstermracks	Gespensterwracks
Gespensterwrach	Gespensterwrack
Gesprach	Gespräch
Gesprächsgegensiandes	Gesprächsgegenstandes
gesrühstückt	gefrühstückt
gestecht	gesteckt
Gesterreicher	Oesterreicher
Gestiit	Gestüt
gestoszen	gestoßen
gesührt	geführt
gesunden	gefunden
Getränli	Getränk
gevade	gerade
gewälbte	gewölbte
gewavnt	gewarnt
Gewitterwvllie	Gewitterwokle
Gfsendar	Offenbar
Ghausseur	Chauffeur
Ghinese	Chinese
Gh	Oh
ghr	gar
Ghrgeriiusche	Ohrgeräusche
gibi	gibt
gibts	gibt’s
Gid	Eid
giemlich	ziemlich
giht	gibt
Giiste	Gäste
giite	gute
gijhnte	gähnte
Gilzuges	Eilzuges
ginaen	gingen
Gine	Eine
Ginen	Einen
Ginfahrt	Einfahrt
gings	ging’s
Ginwohnern	Einwohnern
Gist	Gift
Gitterstiibe	Gitterstäbe
Glasscherhen	Glasscherben
glattvasierten	glattrasierten
Gld	Old
gleichgiiltig	gleichgültig
Gleichgültigkejt	Gleichgültigkeit
gleichsalls	gleichfalls
glei	gleich
gleiszende	gleißende
Gliich	Glück
Gliickliche	Glückliche
Gliicklich	Glücklich
gliickte	glückte
Gliicli	Glück
gliihte	glühte
Glüch	Glück
Gluckfen	Glucksen
Glückl	Glück!
Glüd	Glück
glutheiszen	glutheißen
Gmalior	Gwalior
Gmeni	Omen!
Gmen	Omen
Gnadensrist	Gnadenfrist
gnnz	ganz
gnt	gut
Gntschuldigen	Entschuldigen
Goldaufdrucb	Goldaufdruck
Gößen	Götzen
Gpiumgenuß	Opiumgenuß
Gpium	Opium
Gpiumsalon	Opiumsalon
Gptimus	Optimus
Gptismus	Optimus
Gräfiii	Gräfin
Gräfjn	Gräfin
Gräsin	Gräfin
Gräsjn	Gräfin
graszem	großem
Graudärtigen	Graubärtigen
Greisjn	Greisin
grifsbereite	griffbereite
Griibchen	Grübchen
Griifin	Gräfin
Griinde	Gründe
griiße	grüße
Griißen	Grüßen
Griisze	Grüße
Grinseii	Grinsen
grisf	griff
grosse	große
Grösse	Größe
grossen	großen
grössere	größere
grösseres	größeres
grosser	großer
größeve	größere
gross	groß
Großkaufmana	Großkaufmann
großziigige	großzügige
Großziigigkeit	Großzügigkeit
grosze	große
groszen	großen
Grottenverstecli	Grottenversteck
Grundftücks	Grundstücks
Grüsz	Grüß
Gstflügel	Ostflügel
Gstindien	Ostindien
Gstkiiste	Ostküste
Gstrande	Ostrande
Gstseite	Ostseite
Gstuser	Ostufer
Gude	Gute
Guropäerin	Europäerin
Gvaf	Graf
Gvaphit	Graphit
Gvas	Gras
Gwaliar	Gwalior
habet	habe!
Habs	Hab's
habte	hatte
had	hat
Hafenbneipen	Hafenkneipen
Haftbesehl	Haftbefehl
haft	hast
hageven	hageren
Haiald	Harald
Haidarahad	Haidarabad
hai	hat
haiie	hatte
haist	Harst
Haist	Harst
haite	hatte
haiten	hatten
Haiuniien	Halunken
Hakan	Haken
Hakst	Harst
hal	hat
Halhschlaf	Halbschlaf
Hälste	Hälfte
Halunlie	Halunke
Halunlien	Halunken
Hamld	Harald
Handbemegung	Handbewegung
Handgelenbe	Handgelenke
Handgelenlie	Handgelenke
Handiasche	Handtasche
Handriicken	Handrücken
Handschnh	Handschuh
hann	kann
hannst	kannst
Hans	Haus
Hansmeister	Hausmeister
Harabd	Harald
Harad	Harald
Haralb	Harald
Harald2	Haralds
harald	Harald
Haraldi	Harald!
Haralh	Harald
Haralsd	Harald
Harals	Harald
hären	hören
Harfi	Harst
Harfst	Harst
Harft	Harst
Harfts	Harsts
Hargld	Harald
Hariald	Harald
Harit	Harst
Harjt	Harst
Hark	Harst
Harnld	Harald
Hars	Harst
Harsh	Harst
Harsi	Harst
Harsis	Harsts
Harsl	Harst
Harsst	Harst
harst	Harst
Harsti	Harst!
Harstl	Harst!
HarstS	Harsts
Harstz	Harsts
Haseneinsahrt	Hafeneinfahrt
Hasen	Hafen
Hasenpolizei	Hafenpolizei
Hasens	Hafens
Hatft	Harst
Hatit	Harst
Hatold	Harald
Hatst	Harst
Hatsts	Harsts
hatve	hatte
Hauald	Harald
hauchdiinnen	hauchdünnen
hauchdiinn	hauchdünn
Haud	Hand
Haufe	Hause
Häufern	Häusern
Haupirolle	Hauptrolle
Hauptstrasze	Hauptstraße
Hauptstvaße	Hauptstraße
Häuserblocli	Häuserblock
haute	hauchte
Hautsarbe	Hautfarbe
Hautsetzen	Hautfetzen
Havald	Harald
Havft	Harst
Havst	Harst
Havsts	Harsts
Haxst	Harst
hcch	hoch
heachtete	beachtete
Hech	Heck
Hechmotor	Heckmotor
hefähigste	befähigste
Hefien	Heften
Heien	Haben
Hei	Hat
heimtiichische	heimtückische
Heimtiicke	Heimtücke
heimtiickischen	heimtückischen
Heimtiiclie	Heimtücke
heinvatlich	heimatlich
heiseve	heisere
heisze	heiße
Helfershelser	Helfershelfer
helleven	helleren
helsen	helfen
Herald	Harald
heranrust	heranruft
herauslochte	herauslockte
heraussinden	herausfinden
herauszusinden	herauszufinden
herbeigebvacht	herbeigebracht
herbeigefiihrte	herbeigeführte
hereingelausen	hereingelaufen
hereingerusen	hereingerufen
hereingesallen	hereingefallen
hereit	bereit
herfiihrt	herführt
hergeschiclit	hergeschickt
Herit	Harst
Herk	Heck
Herrenstiibchen	Herrenstübchen
Herst	Harst
Hersts	Harsts
herumzudriicken	herumzudrücken
heruorgerusen	hervorgerufen
hervorgerusen	hervorgerufen
hervorzuvufen	hervorzurufen
hervovdrang	hervordrang
Herzversettung	Herzverfettung
hesitzt	besitzt
hesonders	besonders
hevaus	heraus
Hiarald	Harald
Hiarft	Harst
hiarst	Harst
Hiarst	Harst
Hiarsts	Harsts
Hiavst	Harst
Hiehen	Hieben
hieraus	hierauf
Hieriiber	Hierüber
Hierl	Hier!
hiesz	hieß
hiibsche	hübsche
Hiigel	Hügel
hiigelige	hügelige
hiigeligen	hügeligen
Hiirst	Hörst
hiistelte	hüstelte
hiitete	hütete
hiitte	hätte
Hiitten	Hütten
hilfsbereiien	hilfsbereiten
Hilfskräste	Hilfskräfte
hils	hilf
hilst	hilft
Himalava	Himalaya
hinabbesördert	hinabbefördert
hinausiiommen	hinauskommen
hinber	hinter
hineingebvacht	hineingebracht
hineingelaffen	hineingelassen
hinfiihrte	hinführte
hingefchaut	hingeschaut
hingesahren	hingefahren
hinlite	hinkte
Hinterkops	Hinterkopf
Hinterliops	Hinterkopf
Hinterschifss	Hinterschiffs
Hintervad	Hinterrad
hinznkamen	hinzukamen
his	bis
hittet	bittet
hjer	hier
hlamieren	blamieren
hlassem	blassem
Hlso	Also
Hnrst	Harst
Höble	Höhle
hochgesahren	hochgefahren
hoc	hoch
Hochseeliutter	Hochseekutter
hochten	hockten
hochzureiszen	hochzureißen
hoffnungssroh	hoffnungsfroh
Hofsentlich	Hoffentlich
hofste	hoffte
hofsten	hofften
hog	bog
hoh	hoch
Holläwder	Holländer
Holzderkel	Holzdeckel
Holzstiicke	Holzstücke
Holztiir	Holztür
hondeln	handeln
Hopliins	Hopkins
hörie	hörte
hosse	hoffe
Hoteldirelitor	Hoteldirektor
Hoteldivektor	Hoteldirektor
hövbar	hörbar
Hsarald	Harald
Hsarft	Harst
Hsarit	Harst
Hsarsi	Harst
Hsarst	Harst
Hsarstl	Harst!
Hsarsts	Harsts
Hsavst	Harst
Hundegehell	Hundegebell
Hundezwjnger	Hundezwinger
Hurst	Harst
iaaten	jagten
Iabrikarbeit	Fabrikarbeit
Iabrilien	Fabriken
Iache	Fache
iächerlich	lächerlich
Iach	Fach
iachte	lachte
Iachte	lachte
Iacht	Jacht
Iacke	Jacke
Iackentasche	Jackentasche
Iaffen	lassen
iafien	lassen
Iagdgebiet	Jagdgebiet
Iagdgewehr	Jagdgewehr
Iagdglück	Jagdglück
Iagdhegleiter	Jagdbegleiter
Iagdmesser	Jagdmesser
Iahndungsblattes	Fahndungsblattes
Iahre	Jahre
Iahren	Fahren
Iahrgäste	Fahrgäste
Iahrgelegenheit	Fahrgelegenheit
Iahrgiifte	Fahrgäste
Iahr	Jahr
Iahrkarte	Fahrkarte
Iahrrinne	Fahrrinne
Iährte	Fährte
Iahrt	Fahrt
Iahrzeugs	Fahrzeugs
ia	ja
Ia	Ja
Iakire	Fakire
Iakir	Fakir
Iakirs	Fakirs
Iaksir	Fakir
Ialle	Falle
Iallendes	fallendes
Iallen	Fallen
Iällen	Fällen
Iall	Fall
Iallreep	Fallreep
Ialls	Falls
Ialltiir	Falltür
Ialltür	Falltür
Ialschen	Falschen
Iälschung	Fälschung
Iältchen	Fältchen
Iames	James
Iamilienangelegenheit	Familienangelegenheit
Iamilienschicksal	Familienschicksal
Iamilientragödie	Familientragödie
Ianatismus	Fanatismus
Iang	Fang
Iangsam	langsam
Iarbband	Farbband
Iarbe	Farbe
Iarben	Farben
Iarbige	Farbige
Iarbigen	Farbigen
Iarst	Harst
Iassen	lassen
Iässern	Fässern
Iast	Fast
Iatima	Fatima
iatsächlich	tatsächlich
iatte	hatte
Iaust	Faust
Iausthieb	Fausthieb
Iava	Java
Iavanen	Javanen
Iavoriten	Favoriten
ibm	ihm
ibre	ihre
ibren	ihren
Ibr	Ihr
icb	ich
ichs	ich’s
ic	ich
Ic	Ich
idem	dem
ider	der
id	ich
Id	Ich
idie	die
Iebhaste	lebhafte
iebt	jetzt
Iede	Jede
Iederhalter	Federhalter
ieder	jeder
Ieder	Jeder
Iedermesser	Federmesser
Iedes	Jedes
Iee	Fee
Ieglichen	jeglichen
Iehlende	fehlende
Iehler	Fehler
Iehlschläge	Fehlschläge
iehr	sehr
Ieicht	leicht
Ieigenbaum	Feigenbaum
Ieigling	Feigling
Ieindin	Feindin
Ieinschmecher	Feinschmecker
Ieioling	Feigling
Ieiseneiland	Felseneiland
Ieis	Fels
Ieldherrn	Feldherrn
Ieldwebel	Feldwebel
Ieldzug	Feldzug
Ieldzugsplan	Feldzugsplan
Iell	Fell
Ielsblöcken	Felsblöcken
Ielsblockes	Felsblockes
Ielsblock	Felsblock
Ielsenbriicke	Felsenbrücke
Ielsenbrücke	Felsenbrücke
Ielsen	Felsen
Ielsengruppe	Felsengruppe
Ielsental	Felsental
Iels	Fels
Ielskluft	Felskluft
Ielskoloß	Felskoloß
Ielsmassen	Felsmassen
Ielsspalte	Felsspalte
Ielsstiicke	Felsstücke
Ielsstiick	Felsstück
Ielsstück	Felsstück
iemandem	jemandem
iemand	jemand
Ieme	Feme
Iensterecke	Fensterecke
Ienster	Fenster
Ienstergardine	Fenstergardine
Ienstergitter	Fenstergitter
Iensterkreuz	Fensterkreuz
Iensterln	Fensterln
Iensterrahmen	Fensterrahmen
Iensterreihen	Fensterreihen
Iensterriegel	Fensterriegel
Iensters	Fensters
Ienstersims	Fenstersims
Iensterslügel	Fensterflügel
Ienstertisch	Fenstertisch
Ienstervahmens	Fensterrahmens
Ierne	Ferne
Ierngläser	Ferngläser
Ierngläsern	Ferngläsern
Iernglases	Fernglases
Iersen	Fersen
Iesseln	Fesseln
Iesselung	Fesselung
ießt	jetzt
Iestabend	Festabend
Iestessen	Festessen
Iest	Fest
Iestigbeit	Festigkeit
iest	jetzt
Iestlichkeiten	Festlichkeiten
Iestnahme	Festnahme
Ietngläser	Ferngläser
ietzt	jetzt
Ietzt	Jetzt
Ieuerball	Feuerball
Ieuerdrachen	Feuerdrachen
Ieuermerk	Feuerwerk
Ieuerräder	Feuerräder
Ieuerwerk	Feuerwerk
Ieuerwerks	Feuerwerks
Ieuerwerkskörper	Feuerwerkskörper
ievt	jetzt
if	ist
Ifriseur	Friseur
ift	ist
ih	ich
Ih	Ich
ihnn	ihm
Ihoes	Ihres
ihön	schön
ihsm	ihm
ihve	ihre
Ihve	Ihre
Ihver	Ihrer
iiajiite	Kajüte
iiajüte	Kajüte
iiarst	Harst
iiarsts	Harsts
Iibentiir	Nebentür
iiberall	überall
iiberantworten	überantworten
iiberaus	überaus
iiberbrachte	überbrachte
iiberfallen	überfallen
iibergroßer	übergroßer
iiberhebt	überhebt
iiberhohen	überhohen
iiberlassen	überlassen
iiberlas	überlas
iiberlief	überlief
iibernächsten	übernächsten
iiberraschend	überraschend
iibersah	übersah
iibersallen	überfallen
iiberschätzt	überschätzt
iiber	über
iiberwältigt	überwältigt
iiberworfen	überworfen
iiberzeiige	überzeuge
iiberzeugt	überzeugt
iibevall	überall
iibrig	übrig
iibte	übte
i	ich
iich	ich
iider	über
Iieberfrost	Fieberfrost
iiher	über
iih	ich
Iihr	Ihr
iiiber	über
Iiihrer	Führer
iiiir	nur
iiiirze	kurze
Iiins	Fünf
Iiirft	Fürst
Iiir	Für
Iiirsten	Fürsten
Iiirst	Fürst
Iiißen	Füßen
Iiisze	Füße
Iilin	Film
Iilm	Film
iim	im
Iindest	Findest
iind	und
Iinger	Finger
Iingerzeig	Fingerzeig
iin	im
iini	um
iinr	nur
iiolz	Holz
Iiops	Kopf
iiorbsessel	Korbsessel
Iirmament	Firmament
iisberfliissige	überflüssige
iisber	über
Iischdampfer	Fischdampfer
Iischkutter	Fischkutter
Iischliutter	Fischkutter
iit	ist
ijarft	Harst
ijarst	Harst
ijerr	Herr
Ijord	Fjord
Ijordluft	Fjordluft
Ijordmündung	Fjordmündung
Ijords	Fjords
Ijschkutter	Fischkutter
ijt	ist
Ilachtwinde	Nachtwinde
Ilagge	Flagge
Ilähe	Nähe
Ilandern	Flandern
Ilandevn	Flandevn
Ilanellanzug	Flanellanzug
Ilanidern	Flandern
Ilasche	Flasche
Ilebenzimmer	Nebenzimmer
Ilechtwerk	Flechtwerk
Ilehens	Flehens
Ileischbrühe	Fleischbrühe
Ileischevei	Fleischerei
ilhr	Uhr
Iliesen	Fliesen
Iliigel	Flügel
Iliigeltiir	Flügeltür
Iliigeltür	Flügeltür
Iliißchen	Flüßchen
Iliisterton	Flüsterton
Ilimmern	Flimmern
Illädchen	Mädchen
Illalke	Malke
Illast	Mast
Illeere	Meere
Illiß	Miß
Illisz	Miß
ilm	ihm
ilm	Um
Ilnd	Und
Ilorwegens	Norwegens
Iloße	Floße
Ilößen	Flößen
Ilöszen	Flößen
Ilöte	Flöte
Ilrm	Arm
ilsm	ihm
ilsn	ihn
Ilucht	Flucht
Iluchtverfuch	Fluchtversuch
Iluchtversuch	Fluchtversuch
Ilügel	Flügel
Ilügeltiir	Flügeltür
Ilugzeug	Flugzeug
Ilure	Flure
Ilur	Flur
Ilurs	Flurs
Ilurtiir	Flurtür
Ilurtür	Flurtür
Ilusse	Flusse
Iluss	Fluß
Iluß	Fluß
Ilußmiindungen	Flußmündungen
Ilußmiindung	Flußmündung
Ilut	Flut
imwer	immer
inaii	man
inan	man
ind	ins
Ind	Und
Indva	Indra
ineinen	meinen
inein	mein
inf	ins
Infpektor	Inspektor
ingendwie	irgendwie
ini	im
inir	mir
init	mit
Inliognito	Inkognito
innner	immer
Inspelitor	Inspektor
Insvektor	Inspektor
Interefsantes	Interessantes
inusz	muß
Iolge	Folge
Iolgen	Folgen
Iormalitäten	Formalitäten
Iorm	Form
Iorschungsreisenden	Forschungsreisenden
Iort	Fort
io	so
Irachtdampfer	Frachtdampfer
Iracht	Fracht
Irage	Frage
Iraglos	Fraglos
Iraiu	Frau
Iranzose	Franzose
Iranzösin	Französin
Iraße	Fraße
Irasu	Frau
Iratze	Fratze
Irauengestalt	Frauengestalt
Irauenhände	Frauenhände
Irauenköpfe	Frauenköpfe
Irauenkopf	Frauenkopf
Irauenschlafzimmer	Frauenschlafzimmer
Irau	Frau
Iräulein	Fräulein
Iraul	Frau!
Irechheit	Frechheit
Ireier	Freier
Ireilasfung	Freilassung
Ireilassung	Freilassung
Ireitreppe	Freitreppe
Iremde	Fremde
Iremdenbuch	Fremdenbuch
Iremdenfiihrer	Fremdenführer
Iremdenführers	Fremdenführers
Iremdenheim	Fremdenheim
Iremdenheims	Fremdenheims
Ireude	Freude
Ireund	Freund
irh	ich
Iriau	Frau
Iriichte	Früchte
Iriieden	Frieden
Iriiher	Früher
Iriihstiick	Frühstück
Iriihstiickstifch	Frühstückstisch
Ironzösin	Französin
Irösteln	Frösteln
irrefiihren	irreführen
irresiihren	irreführen
Isahrt	Fahrt
Isalltiir	Falltür
Iseuer	Feuer
ishn	ihn
ishr	ihr
isi	ist
is	ist
ism	im
isn	in
ists	ist’s
it	ist
Iugend	Jugend
Iügte	Fügte
Iüllen	Füllen
Iüllfeder	Füllfeder
Iüllfederhalter	Füllfederhalter
Iüllung	Füllung
Iünf	Fünf
Iünfzehn	Fünfzehn
Iunge	Junge
iun	tun
Iürchten	Fürchten
Iürft	Fürst
Iürsten	Fürsten
Iürstentums	Fürstentums
Iürst	Fürst
Iür	Tür
Iußboden	Fußboden
Iußbodens	Fußbodens
Iuße	Fuße
Iuß	Fuß
Iuszangeln	Fußangeln
Iusze	Fuße
Iusz	Fuß
Ivage	Frage
Ivau	Frau
Iveund	Freund
ivgend	irgend
ivie	wie
ivir	wir
IVir	Wir
IVrack	Wrack
ixh	ich
Jade	Jacke
Jaeht	Jacht
Jagdausflng	Jagdausflug
jagie	sagte
Jährte	Fährte
Jahrt	Fahrt
Jahrzeuge	Fahrzeuge
jah	sah
Jahven	Jahren
Jakir	Fakir
Jalle	Falle
Jall	Fall
Jalltiir	Falltür
Jalltür	Falltür
Jälschung	Fälschung
Jältchen	Fältchen
Jamiliengrust	Familiengruft
Jana	Java
Jananen	Javanen
Janatiker	Fanatiker
Jaust	Faust
Jbren	Ihren
Jbr	Ihr
Jcb	Ich
Jch	Ich
jchiege	schieße
Jc	Ich
jctzt	jetzt
Jdee	Idee
jebt	jetzt
Jebt	Jetzt
jebten	setzten
jebvt	jetzt
jedensalls	jedenfalls
Jedensalls	Jedenfalls
Jedern	Jedem
jedod	jedoch
jegt	jetzt
jehen	sehen
jehr	sehr
jeht	jetzt
Jeht	Jetzt
Jeigefinger	Zeigefinger
jeijt	jetzt
Jeind	Feind
jeine	seine
jei	sei
jeiten	seiten
jeit	seit
jekt	jetzt
Jelseninseln	Felseninseln
Jelsmassen	Felsmassen
Jenster	Fenster
Jensterladen	Fensterladen
Jenstern	Fenstern
Jenstervorhang	Fenstervorhang
Jerngläser	Ferngläser
Jersen	Fersen
jeßt	jetzt
jest	jetzt
jet	jetzt
jett	jetzt
Jett	Jetzt
jetzi	jetzt
jevi	jetzt
jevt	jetzt
jeyt	jetzt
jezt	jetzt
JFnder	Inder
jft	ist
Jh	Ich
Jhm	Ihm
Jhnen	Ihnen
Jhn	Ihn
Jhre	Ihre
Jhren	Ihren
Jhrer	Ihrer
Jhres	Ihres
Jhr	Ihr
jia	ja
jich	sich
jie	sie
jih	sich
jiidischen	jüdischen
Jiihrer	Führer
jiingeres	jüngeres
Jiirchten	Fürchten
Jiirst	Fürst
Jiisze	Füße
jinden	finden
jind	sind
Jin	Im
Jirmaments	Firmaments
ji	sich
Jjord	Fjord
Jjords	Fjords
jlafen	schlafen
Jlaschen	Flaschen
Jliesen	Fliesen
Jlucht	Flucht
Jlurgloclie	Flurglocke
Jlurs	Flurs
Jlußdelta	Flußdelta
jm	im
Jm	Im
Jmmerhin	Immerhin
Jnder	Inder
Jnderin	Inderin
Jnders	Inders
Jndia	India
Jndien	Indien
Jndischen	Indischen
Jndra	Indra
Jnfpektor	Inspektor
Jngenienr	Ingenieur
Jngenieur	Ingenieur
Jngenieurs	Ingenieurs
Jnhalt	Inhalt
jn	in
Jn	In
Jnjel	Insel
Jnkognito	Inkognito
Jnliognito	Inliognito
Jnneneinrichtung	Inneneinrichtung
Jnnen	Innen
Jnnenseite	Innenseite
jnnge	junge
Jnsassen	Insassen
Jnschriften	Inschriften
Jnselchen	Inselchen
Jnsel	Insel
Jnseln	Inseln
Jnserat	Inserat
Jnsoektor	Inspektor
Jnsofern	Insofern
Jnspeiitor	Inspektor
Jnspektior	Inspektor
Jnspektor	Inspektor
Jnspektors	Inspektors
Jnspelitor	Inspektor
Jnstinkte	Instinkte
Jnsvektor	Inspektor
Jnteressante	Interessante
Jnteressantes	Interessantes
Jnteressse	Interessse
Jntersse	Interesse
job	schob
jofort	sofort
Jolge	Folge
jollie	sollte
joll	soll
jollten	sollten
jo	so
jpäter	später
Jraglos	Fraglos
Jranzose	Franzose
Jrau	Frau
Jreilassung	Freilassung
Jremdenfiihrer	Fremdenführer
Jremdenführer	Fremdenführer
Jremdenheim	Fremdenheim
Jreudentaumel	Freudentaumel
Jreund	Freund
Jrgendwoher	Irgendwoher
Jrgendwo	Irgendwo
Jrrenanstalt	Irrenanstalt
Jrrgarten	Irrgarten
Jrrsinniger	Irrsinniger
Jrrtiimer	Irrtümer
jsa	ja
Jsländer	Isländer
Jsländern	Isländern
Jslands	Islands
Jsm	Im
Jst	Ist
jtedie	steckte
Juchtentasche	Jackentasche
Juder	Inder
Jührer	Führer
Ju	In
Jünf	Fünf
Jurs	Kurs
Jürst	Fürst
Jusel	Insel
Juß	Fuß
Jusze	Fuße
Juszfesseln	Fußfesseln
Jweifel	Zweifel
JZnder	Inder
Kabinentiir	Kabinentür
Kadine	Kabine
Kagnak	Kognak
Kahinenfenfter	Kabinenfenster
Kahinenfenster	Kabinenfenster
Kahlenkahn	Kohlenkahn
Kaira	Kairo
Kajiiie	Kajüte
Kajiite	Kajüte
Kajiitendach	Kajütendach
Kajiiten	Kajüten
Kajijte	Kajüte
Kajijtendecb	Kajütendeck
Kaltbliitigkeit	Kaltblütigkeit
Kameie	Kamele
Kammertiir	Kammertür
Känigshause	Königshause
Kannde	Kannte
kanns	kann’s
kännte	könnte
Kapiiän	Kapitän
Kapitiin	Kapitän
Kapitön	Kapitän
Kapsbewegungen	Kopfbewegungen
Käser	Käfer
Kasfee	Kaffee
Kasiite	Kajüte
Kassee	Kaffee
Kasüte	Kajüte
kauderwelfchte	kauderwelschte
Kaupmann	Kaufmann
kausen	kaufen
Käuser	Käufer
kauste	kaufte
Kautabali	Kautabak
Kavitän	Kapitän
Kavstadt	Kapstadt
kdnnte	könnte
Keit	Zeit
Kenkurrent	Konkurrent
Kepenhagen	Kopenhagen
Kiapitän	Kapitän
kiar	klar
kieiner	kleiner
kieß	ließ
Kiiche	Küche
Kiihlraum	Kühlraum
kiihlt	kühlt
kiinnnert	kümmert
Kiistendampfer	Küstendampfer
kjiarst	Harst
Klappstiihlen	Klappstühlen
klarwevden	klarwerden
klasfenden	klaffenden
kläven	klären
klaver	klarer
Kleidungsstjicke	Kleidungsstücke
Kleiniglieiten	Kleinigkeiten
klejdete	kleidete
kliiger	klüger
klochmals	Nochmals
Knachen	Knacken
Knisiern	Knistern
Kobvas	Kobras
Kofser	Koffer
Kognaakflasche	Kognakflasche
Kohienkahn	Kohlenkahn
Kohlenbahn	Kohlenkahn
komnen	kommen
Konisere	Konifere
Kon	Kopf
konmt	kommt
konnen	können
Konnnissar	Kommissar
kopfschiittelnd	kopfschüttelnd
Kopfschiitteln	Kopfschütteln
Kopftiicher	Kopftücher
Kops	Kopf
köpste	köpfte
Kopstuch	Kopftuch
Korbfessel	Korbsessel
Korbsesfel	Korbsessel
Kosfer	Koffer
Kossern	Koffern
Kostiime	Kostüme
krampfbaft	krampfhaft
kranlihafter	krankhafter
Krast	Kraft
Krastlos	Kraftlos
Krau	Frau
Krinrinalbeamten	Kriminalbeamten
Ksajüte	Kajüte
Ksapitäns	Kapitäns
Küchentiir	Küchentür
Kugei	Kugel
Kürbiskops	Kürbiskopf
Küstendampsers	Küstendampfers
Kvach	Krach
Kvaft	Kraft
Kvimjnalinspektor	Kriminalinspektor
labonisch	lakonisch
lacheln	lächeln
lachelte	lächelte
lachevlich	lächerlich
lachierte	lackierte
Lachschuhen	Lackschuhen
Ladeiuke	Ladeluke
Ladentiir	Ladentür
Ladf	Lady
Ladh	Lady
Ladn	Lady
Ladu	Lady
Ladv	Lady
lafsen	lassen
lalsen	lassen
lanasam	langsam
Landratien	Landratten
Landschastsmaier	Landschaftsmaler
längsi	längst
Lart	Bart
lasfen	lassen
lasz	laß
läszt	läßt
Laufplanlie	Laufplanke
lausen	laufen
Lausplanke	Laufplanke
learn	kam
Lebensgesahr	Lebensgefahr
lebtes	letztes
lech	leck
leclierer	leckerer
Ledersosa	Ledersofa
Ledersosas	Ledersofas
Ledewohl	Lebewohl
leerftehende	leerstehende
lefen	lesen
legie	legte
legter	letzter
Lehen	Leben
lehnie	lehnte
lehter	letzter
Leibgavde	Leibgarde
leichtfiißig	leichtfüßig
leichtfüszig	leichtfüßig
leichtsertig	leichtfertig
leidlih	leidlich
leife	leise
leifes	leises
Leiher	Leiber
leiht	leicht
Lektiire	Lektüre
lenlren	lenken
Lente	Leute
Lesezinrmer	Lesezimmer
leßten	letzten
lette	letzte
levten	letzten
levter	letzter
levt	jetzt
leyter	letzter
lezte	letzte
lezten	letzten
lfarft	Harst
lfarst	Harst
liabine	Kabine
liain	kam
liairo	Kairo
liajiite	Kajüte
liajiiten	Kajüten
liajiitfenster	Kajütfenster
lialb	halb
liam	kam
lianal	Kanal
liann	kann
liapitän	Kapitän
liarl	Karl
liarsjj	Harst
liarst	Harst
liarsts	Harsts
liasten	Kasten
liastenwesen	Kastenwesen
liaufte	kaufte
liauft	kauft
liaum	kaum
Libin	Lihin
Lichtbegel	Lichtkegel
Lichtfchalter	Lichtschalter
Lichthegel	Lichtkegel
Lichtliegel	Lichtkegel
Lichtslut	Lichtflut
Lichtstrahi	Lichtstrahl
lieat	liegt
liebenswiirdig	liebenswürdig
liebenswiivdigen	liebenswürdigen
liebenswiivdig	liebenswürdig
Liebesgliick	Liebesglück
Liebhaberdetelitios	Liebhaberdetektivs
Liebhaberdetelitiv	Liebhaberdetektiv
liebi	liebt
Liegestiihlen	Liegestühlen
lieher	lieber
Lieher	Lieber
lieine	keine
lieinen	keinen
liein	kein
liek	ließ
liellergewölbe	Kellergewölbe
liellner	Kellner
liennt	kennt
liessen	ließen
liesz	ließ
lieuchte	keuchte
liieine	kleine
Liige	Lüge
liigen	lügen
Liigen	Lügen
liiinnen	können
liiirzer	kürzer
lilädchen	Mädchen
lilang	klang
lilappe	Klappe
lileine	kleine
lileinen	kleinen
lilein	klein
lilettere	klettere
lilub	Klub
lilug	klug
lind	Und
linlie	linke
linlien	linken
Linlien	Linken
lioinmen	kommen
liolombo	Kolombo
liommen	kommen
lionnte	konnte
lionnten	konnten
liopenhagen	Kopenhagen
liops	Kopf
Liops	Kopf
liosten	kosten
liöstlichen	köstlichen
Lipven	Lippen
liranli	krank
Lisde	Liste
Liuree	Livree
liurze	kurze
liurz	kurz
ljarald	Harald
ljarft	Harst
ljarst	Harst
ljarsts	Harsts
ljiarst	Harst
ljsarst	Harst
llach	Nach
llacht	Nacht
lleber	Ueber
lliir	Tür
lllarbattys	Warbattys
lllir	Wir
Lloyddampsers	Lloyddampfers
llun	Nun
locen	locken
Loiial	Lokal
Lon	Lord
Lordfchaft	Lordschaft
Lordschast	Lordschaft
Lordschiaft	Lordschaft
Lors	Lord
Löschdlatt	Löschblatt
Loud	Lord
Lovd	Lord
Lovdschaft	Lordschaft
Lovds	Lords
lsarst	Harst
Lube	Luke
Luchnow	Lucknow
Luclinow	Lucknow
lügsen	lügen
Luhe	Luke
Lungenentziindung	Lungenentzündung
Lusi	Lust
Lustdrucii	Luftdruck
Lustzug	Luftzug
luto	Auto
lVarbatty	Warbatty
lVas	Was
lVeg	Weg
lVir	Wir
lwg	lag
machde	machte
made	machte
maden	machen
madte	machte
Madvas	Madras
Mafter	Master
Mahnwitzige	Wahnwitzige
mährend	während
Mahrscheinlich	Wahrscheinlich
Mallie	Malke
Malord	Mylord
mandte	wandte
Mannchen	Männchen
Mannerbesuch	Männerbesuch
Männerftimme	Männerstimme
Mantei	Mantel
Manu	Mann
marbattn	Warbatty
marbattys	Warbattys
marbatty	Warbatty
Marbatty	Warbatty
Märdersekte	Mördersekte
maren	waren
märe	wäre
marnungsbrief	Warnungsbrief
marten	warten
martet	wartet
mar	war
Maschinenfchaden	Maschinenschaden
Maschinjst	Maschinist
Maschjnisten	Maschinisten
Maschraum	Waschraum
Masler	Master
massersäule	Wassersäule
mas	was
mate	machte
Matrossen	Matrosen
Mauersuge	Mauerfuge
Mavke	Marke
Mber	Aber
md	und
mebr	mehr
mechselt	wechselt
meh	weh
meinde	meinte
meinie	meinte
meisz	weiß
meltruhm	Weltruhm
Mem	Wem
Menih	Mensch
merden	werden
merkie	merkte
merkwiirdige	merkwürdige
merkwiirdigen	merkwürdigen
merkwiirdig	merkwürdig
mer	wer
Meshalb	Weshalb
Messerlilinge	Messerklinge
Meuchelmdrder	Meuchelmörder
Mhlord	Mylord
Mhnheer	Mynheer
Miallie	Malke
michtiges	wichtiges
micht	nicht
mickelte	wickelte
mic	mich
mid	mich
mieder	wieder
mie	wie
Mifchung	Mischung
Mifz	Miß
mih	mich
miide	müde
Miide	Müde
Miihe	Mühe
Miiiionen	Millionen
Miilze	Mütze
mii	mit
Miindung	Mündung
miirbe	mürbe
miirde	würde
miirdig	würdig
miisse	müsse
miissen	müssen
miißte	müßte
miiszte	müßte
miit	mit
Miitze	Mütze
Millionenerbschnft	Millionenerbschaft
mil	mit
mi	mich
m	in
mindesrens	mindestens
Minoret	Minaret
Mirakulnm	Mirakulum
Miraliulum	Mirakulum
Mischvasse	Mischrasse
mißgliichten	mißglückten
mißglücbt	mißglückt
mißtrauifch	mißtrauisch
mißtraujsch	mißtrauisch
mißtvauisch	mißtrauisch
Mistresz	Mistreß
Mistvesz	Mistreß
Misz	Miß
Misztrauen	Mißtrauen
misztrauisch	mißtrauisch
mitnimnrt	mitnimmt
Mitteifinger	Mittelfinger
mittelgrosse	mittelgroße
Mittelschifs	Mittelschiff
Mittelsingers	Mittelfingers
Mittelstiickcs	Mittelstückes
Mittelstiicks	Mittelstücks
mitwirlit	mitwirkt
miusz	muß
mix	mir
mjch	mich
Mjßtrauen	Mißtrauen
Mjßtrauens	Mißtrauens
mnchte	machte
Mnisstroh	Maisstroh
mnn	man
mn	um
möchie	möchte
moch	noch
mohnsalon	Wohnsalon
mohnschiff	Wohnschiff
mohnte	wohnte
mollen	wollen
molpoores	Wolpoores
molpoore	Wolpoore
Molpoore	Wolpoore
Mordzinnner	Mordzimmer
Morsealphahet	Morsealphabet
Moschinist	Maschinist
Motars	Motors
Motia	Motiv
Motorliutter	Motorkutter
Motouboot	Motorboot
Motovboot	Motorboot
Motovgeknatter	Motorgeknatter
Mövder	Mörder
Movd	Mord
movgen	morgen
mo	wo
Mrack	Wrack
mrich	mich
mrit	mit
Msann	Mann
Msaster	Master
msir	mir
msit	mit
mtt	mit
Mübe	Mütze
muBte	mußte
much	auch
muf	auf
muf	muß
Mugen	Augen
Münden	München
Mundung	Mündung
murde	wurde
murinelte	murmelte
mur	nur
Musliulatur	Muskulatur
Müße	Mütze
muss	muß
musz	muß
muszte	mußte
Mvnheer	Mynheer
Myiord	Mylord
Mylordi	Mylord!
nabe	nahe
naber	nacher
Nacbtzug	Nachtzug
Nachbarschast	Nachbarschaft
nächfte	nächste
nächften	nächsten
nachgedunlielte	nachgedunkelte
nachgespiirt	nachgespürt
Nachl	Nacht
nachnrittag	nachmittag
nachs	nachts
nachspiirte	nachspürte
nächtbiche	nächtliche
Nachthinnnel	Nachthimmel
Nachtng Nachtzug
nachzupriifen	nachzuprüfen
nachzuspüven	nachzuspüren
nac	nach
nad	nach
naffen	nassen
nah	nach
nahts	nachts
naiiirlich	natürlich
nainn	nahm
nämljch	nämlich
Nariiose	Narkose
natiierlich	natürlich
natiirlich	natürlich
natiirljch	natürlich
natüriich	natürlich
nbnahm	abnahm
nchr	mehr
ndch	noch
Nebenberus	Nebenberuf
Nebenzinnner	Nebenzimmer
nengierigen	neugierigen
nentral	neutral
nerankern	verankern
nerbrecherische	verbrecherische
nerdächtige	verdächtige
nergitterten	vergitterten
nergittert	vergittert
nerkleidet	verkleidet
nerlegene	verlegene
nernöser	nervöser
nernös	nervös
nerschleierte	verschleierte
nerschollen	verschollen
nersolgte	verfolgte
nersuchte	versuchte
Neuigkejt	Neuigkeit
newöser	nervöser
newös	nervös
niachen	machen
nial	mal
nian	man
nicbte	nickte
nichi	nicht
nichr	nicht
nichte	nickte
nichtsi	nichts!
nichtsl	nichts!
nici	nicht
nickde	nickte
niclist	nickst
niclite	nickte
nicte	nickte
nict	nicht
nid	nicht
nidte	nickte
nidt	nicht
niedergebvannt	niedergebrannt
niederzufchießen	niederzuschießen
niehr	mehr
Nieinals	Niemals
nieinte	meinte
nielsagend	vielsagend
niht	nicht
nihts	nichts
niich	mich
niimlich	nämlich
Niirnberg	Nürnberg
niir	nur
niit	mit
nimwer	nimmer
ni	nicht
nite	nickte
nit	nicht
Niziam	Nizam
njclite	nickte
nmdrehte	umdrehte
nmspielt	umspielt
nnb	und
nnd	und
nnn	nun
nnr	nur
nnsässig	ansässig
nnsere	unsere
nns	uns
nntergebracht	untergebracht
nocd	noch
noc	noch
nod	noch
Nöhe	Nähe
noh	noch
no	noch
non	von
norbeftrafte	vorbestrafte
norbeugen	vorbeugen
Nordosi	Nordost
nor	vor
norzeitig	vorzeitig
Notliige	Notlüge
notwegisch	norwegisch
növdlich	nördlich
nral	mal
nrich	mich
nrir	mir
nrißtönend	mißtönend
nrißtrauisch	mißtrauisch
nrit	mit
nrittelgrosz	mittelgroß
nruß	muß
nsach	nach
nsun	nun
ntergebracht	untergebracht
ntir	mir
nuf	auf
Nuhe	Ruhe
num	nun
Nuto	Auto
nux	nur
nvit	mit
nzir	mir
Oandzunge	Landzunge
Oarbatty	Warbatty
Obr	Ohr
odez	oder
Oelsleck	Oelfleck
oem	dem
oen	den
oeräußern	veräußern
oerbargen	verbargen
oerbeugt	verbeugt
oerblüffend	verblüffend
oerblutet	verblutet
oerbracht	verbracht
oerbreiten	verbreiten
oerdächtigen	verdächtigen
Oer	der
oerdutzt	verdutzt
oerehrtester	verehrtester
oerftärkte	verstärkte
oerfügt	verfügt
oergaßen	vergaßen
oergiftete	vergiftete
oergiftet	vergiftet
oergriimte	vergrämte
oerhaftet	verhaftet
oerheimlicht	verheimlicht
oerlassen	verlassen
oerlobte	verlobte
oermiete	vermiete
oermute	vermute
oernichtet	vernichtet
oerprassen	verprassen
oerräterisch	verräterisch
oerriegelte	verriegelte
oerrieten	verrieten
oerriet	verriet
oerriickt	verrückt
oerschiedentlich	verschiedentlich
oerschleierte	verschleierte
oerschlossene	verschlossene
oerschlungenen	verschlungenen
oerschwand	verschwand
oerschwunden	verschwunden
oersicherten	versicherten
oersieaeln	versiegeln
oerstörte	verstörte
oertraten	vertraten
oertraulich	vertraulich
oerzwickten	verzwickten
Oessnen	Oeffnen
oeumutete	vermutete
ohnmiichtig	ohnmächtig
oie	die
Oie	die
oielleicht	vielleicht
oielseitig	vielseitig
oiel	viel
oier	vier
olante	plante
oleichsalls	gleichfalls
oöllig	völlig
oom	vom
oon	von
oorderster	vorderster
oorfand	vorfand
oorgetäuscht	vorgetäuscht
oorhielten	vorhielten
oorhin	vorhin
ooriiber	vorüber
oortraten	vortraten
oor	vor
oorwegzunehmen	vorwegzunehmen
oorzutäuschen	vorzutäuschen
opsern	opfern
Opser	Opfer
osfenbar	offenbar
Osfenbar	Offenbar
Osfizier	Offizier
ossenbar	offenbar
ossen	offen
össnete	öffnete
Östküste	Ostküste
Ouadrat	Quadrat
Paave	Paare
Pächchen	Päckchen
Päclichen	Päckchen
pact	paar
paden	packen
padte	packte
Palaft	Palast
Palizeirat	Polizeirat
Palperlans	Palperlons
Palperlonfchen	Palperlonschen
Palperloni	Palperlon!
palperlon	Palperlon
Palverlon	Palperlon
Papierstiick	Papierstück
Papievgeld	Papiergeld
Parbes	Parkes
Parfiim	Parfüm
parkiihnilichen	parkähnlichen
Parlibäume	Parkbäume
Parlie	Parke
Parlies	Parkes
Parliett	Parkett
Parlimauer	Parkmauer
Parli	Park
Parsüm	Parfüm
passte	paßte
patte	packte
peiter	weiter
Perbrechers	Verbrechers
perden	werden
Perfien	Persien
Perfonal	Personal
Periicke	Perücke
Perüclie	Perücke
pinfeln	pinseln
Pistolenkdlben	Pistolenkolben
Plab	Platz
Plandagenbesitzer	Plantagenbesitzer
Plandagen	Plantagen
Plaß	Platz
platen	platzen
Platschern	Plätschern
Plattforin	Plattform
Pläve	Plätze
Plav	Platz
Play	Platz
pliindern	plündern
plöglich	plötzlich
plöslich	plötzlich
plötziich	plötzlich
plövlich	plötzlich
plovlih	plötzlich
Pnau	Prau
Pnrkes	Parkes
Poft	Post
Poinzen	Prinzen
Polizeiatzt	Polizeiarzt
Polizeiches	Polizeichef
Polizeidirebtion	Polizeidirektion
Polizeidirelition	Polizeidirektion
polizeidirelitor	Polizeidirektor
Polizeidirelitor	Polizeidirektor
Polizeigebände	Polizeigebäude
Polizeiinspelitor	Polizeiinspektor
polizei	Polizei
Polizejchef	Polizeichef
pollen	wollen
Portiigals	Portugals
Pran	Prau
preffen	pressen
Prieatleben	Privatleben
Priefter	Priester
priichtiges	prächtiges
primitioen	primitiven
Prinzefsin	Prinzessin
Prinzesssin	Prinzessin
Prioatpolizei	Privatpolizei
Prioatsekretär	Privatsekretär
Privatkontvr	Privatkontor
Privatliontor	Privatkontor
Privatsebretiir	Privatsekretär
Privatseliretär	Privatsekretär
Privatseliretiir	Privatsekretär
Priviatdetektiv	Privatdetektiv
Prjnz	Prinz
Propbet	Prophet
Propeiier	Propeller
Prosil	Profil
prunliuoll	prunkvoll
prüste	prüfte
Pseiler	Pfeiler
Pslaster	Pflaster
Puau	Prau
Puinzessin	Prinzessin
Puß	Paß
pvall	prall
pvallte	prallte
Pvau	Prau
Pvinzessin	Prinzessin
Qesen	Oesen
Qnietschen	Quietschen
Qrientreise	Orientreise
Raiiite	Kajüte
Raliisana	Rakisana
Ranäle	Kanäle
Ranal	Kanal
ranchten	rauchten
Rapiiän	Kapitän
Rapitän	Kapitän
Rapjtän	Kapitän
rappelde	rappelte
Rarl	Karl
rassinierte	raffinierte
rassiniertes	raffiniertes
rassiniert	raffiniert
Rastbaus	Rasthaus
rätfelhaft	rätselhaft
rätselhasi	rätselhaft
rätselhaste	rätselhafte
Räuberstiick	Räuberstück
Raubinordes	Raubmordes
Raubmovd	Raubmord
Raubtierhaufes	Raubtierhauses
Raubziige	Raubzüge
rauchie	rauchte
Rauchvingen	Rauchringen
raudte	rauchte
rau	Frau
raunfe	raunte
rechnesi	rechnest
reclite	reckte
recten	rechten
rect	recht
redte	reckte
Regelmäszigkeit	Regelmäßigkeit
reichsie	reichste
reihen	reichen
reiher	reicher
Reinsall	Reinfall
Reisegesellschast	Reisegesellschaft
Reisemiitze	Reisemütze
reiseren	reiferen
Reisezjel	Reiseziel
Reklameschrist	Reklameschrift
Rekovder	Rekorder
Rellerraum	Kellerraum
Rellner	Kellner
Renoloer	Revolver
Renolver	Revolver
rergiftete	vergiftete
Rerl	Kerl
ret	recht
Reuolner	Revolver
Reuolver	Revolver
Revalver	Revolver
Revolner	Revolver
Revoloerkolben	Revolverkolben
Revoloer	Revolver
Revoloers	Revolvers
Revolrer	Revolver
Revoluer	Revolver
Revolverbugel	Revolverkugel
riauchte	rauchte
Riesenkriiste	Riesenkräfte
ries	rief
Riicken	Rücken
riickten	rückten
Riicliwand	Rückwand
Riihren	Rühren
riitselhaft	rätselhaft
Riitsel	Rätsel
riitteln	rütteln
riittelte	rüttelte
riittelt	rüttelt
Rilien	Rillen
Rilischas	Rikschas
risz	riß
rnir	mir
Robinfon	Robinson
Robra	Kobra
Rochwell	Rockwell
Rochwells	Rockwells
Rocliwell	Rockwell
Rombiise	Kombüse
Rombinieren	Kombinieren
Rombüse	Kombüse
Ronkurrenz	Konkurrenz
Ropfbewegung	Kopfbewegung
Rostslecken	Rostflecken
rothlonde	rotblonde
Rratersee	Kratersee
Rriminalkommissar	Kriminalkommissar
Rüchfahrt	Rückfahrt
Rüchversicherung	Rückversicherung
rüchwärtigen	rückwärtigen
Rückfvont	Rückfront
Rücksahrt	Rückfahrt
rückstchtslos	rücksichtslos
Rüclischlusz	Rückschluß
Rücliversicherung	Rückversicherung
rucliweise	ruckweise
rüden	rücken
Rüden	Rücken
Rüdfeite	Rückseite
Rud	Ruck
rudte	ruckte
Ruhmesliranz	Ruhmeskranz
Rundsahrt	Rundfahrt
run	nun
Run	Nun
Rur	Nur
Rüste	Küste
Rutter	Kutter
ruwde	runde
sa	ja
Sa	Ja
saate	sagte
Säben	Sätzen
sab	sah
Sachse	Sache
Säclien	Säcken
Sade	Sache
Säde	Säcke
Sad	Sack
saeben	soeben
Safaecke	Sofaecke
sagenannter	sogenannter
sagie	sagte
sagle	sagte
Sahih	Sahib
Sahjb	Sahib
sahle	fahle
sahl	fahl
Sahre	Jahre
sahren	fahren
Sahr	Jahr
sahrt	fahrt
sa	ja
Sa	Ja
salls	falls
sällt	fällt
saltenlos	faltenlos
samos	famos
sand	fand
sanjtären	sanitären
sarald	Harald
Sarft	Harst
sasien	saßen
sa	so
sassen	fassen
Saß	Satz
saßte	faßte
sast	fast
saszen	saßen
saszest	saßest
sasz	saß
saszte	faßte
Saumetter	Sauwetter
Säuser	Säufer
saute	schaute
Schäbe	Schätze
schadigen	schädigen
Schafsbopf	Schafskopf
Schafsner	Schaffner
Schanliraum	Schankraum
schan	schon
scharsen	scharfen
Schasfleisch	Schaffleisch
Schasfner	Schaffner
Schassner	Schaffner
Schattewbilder	Schattenbilder
Schausvieler	Schauspieler
schdb	schob
schdssen	schossen
Scheclibuch	Scheckbuch
schen	sehen
scherzhnft	scherzhaft
sch	ich
Sch	Ich
schichen	schicken
Schiclisal	Schicksal
Schiffszwiehack	Schiffszwieback
Schiiler	Schüler
Schiissel	Schüssel
Schiisse	Schüsse
schiittelte	schüttelte
schiitzen	schützen
schildeve	schildere
schimpfie	schimpfte
Schiss	Schiff
Schissspapieren	Schiffspapieren
Schisssuerkehr	Schiffsverkehr
schjeße	schieße
Schläfenlochen	Schläfenlocken
Schlafzinnner	Schlafzimmer
Schlafzinnwer	Schlafzimmer
Schlanlre	Schlanke
schlasen	schlafen
schlase	schlafe
Schlasgemach	Schlafgemach
Schlaspuloer	Schlafpulver
Schlasraum	Schlafraum
Schlaszimmer	Schlafzimmer
Schlaszimsmer	Schlafzimmer
Schlaszinrmer	Schlafzimmer
Schlaszjmmer	Schlafzimmer
Schleisbank	Schleifbank
schlies	schlief
schliesslich	schließlich
Schliesze	Schließe
schliipfte	schlüpfte
schliipsrig	schlüpfrig
Schliissel	Schlüssel
Schliisse	Schlüsse
Schlnfzimmer	Schlafzimmer
Schlosz	Schloß
Schluch	Schluck
Schlupfwinbel	Schlupfwinkel
schlüpste	schlüpfte
Schlupswinkel	Schlupfwinkel
Schmaut	Schraut
Schmeigen	Schweigen
schmer	schwer
schmerzde	schmerzte
schmerziichen	schmerzlichen
schmierjgen	schmierigen
Schmnt	Schraut
Schmuckstiichen	Schmuckstücken
Schmuckstüclie	Schmuckstücke
Schmuti	Schraut!
Schmutk	Schmutz
Schmut	Schraut
Schneibtischplatte	Schreibtischplatte
Schniifflern	Schnüfflern
Schniiffler	Schnüffler
Schnnrrbart	Schnurrbart
Schnupftabah	Schnupftabak
Schnurvbart	Schnurrbart
Schoaut	Schraut
schosz	schoß
Schraat	Schraut
Schraiit	Schraut
Schraui	Schraut
Schrautf	Schraut!
Schrauti	Schraut!
Schrautl	Schraut!
Schred	Schreck
Schreibnmschine	Schreibmaschine
Schreibtifches	Schreibtisches
Schreibtifch	Schreibtisch
Schreihpapier	Schreibpapier
Schreihtisch	Schreibtisch
Schrejbtisch	Schreibtisch
Schriftstiich	Schriftstück
Schriftstiicken	Schriftstücken
Schriftstiicli	Schriftstück
Schriftstüch	Schriftstück
schrillien	schrillten
Schriststeller	Schriftsteller
Schrsaut	Schraut
Schuaut	Schraut
Schüben	Schützen
Schübe	Schütze
Schüffe	Schüsse
Schuldlosigbeit	Schuldlosigkeit
Schüsfe	Schüsse
Schußwasfe	Schußwaffe
Schuste	Schufte
Schvaut	Schraut
Schvei	Schrei
schwermiitiger	schwermütiger
Schwertbriidern	Schwertbrüdern
Schwertbriider	Schwertbrüder
schwerwjegenden	schwerwiegenden
scine	seine
Sdadt	Stadt
sdammelte	stammelte
sdand	stand
sdem	dem
sder	der
sdie	die
sebr	sehr
Sebr	Sehr
sebten	setzten
sebte	setzte
Sebunden	Sekunden
Seebiiren	Seebären
Seelcute	Seeleute
Seemannsgarm	Seemannsgarn
Seesahrt	Seefahrt
Sefjel	Sessel
Segelbdot	Segelboot
segen	setzen
Sehensmiirdiglieit	Sehenswürdigkeit
Sehenswiirdigkeiten	Sehenswürdigkeiten
sehlersrei	fehlerfrei
sehlt	fehlt
sehs	sechs
Sehte	Sekte
Seidenftoff	Seidenstoff
Seidensaden	Seidenfaden
Seidentiicher	Seidentücher
seierlichen	feierlichen
seini	sein!
Seitenfliigel	Seitenflügel
Seitenpsorte	Seitenpforte
Seitenreile	Seitenteile
seitsame	seltsame
Sekuiiden	Sekunden
Sekunoen	Sekunden
Sekuwden	Sekunden
Sekvetär	Sekretär
selbsttiitig	selbsttätig
Seliretiir	Sekretär
Selit	Sekt
Seliunden	Sekunden
Selsblöche	Felsblöcke
Selsen	Felsen
selsigen	felsigen
sem	sein
Sept	Jetzt
seroiert	serviert
sertig	fertig
sestes	festes
sest	fest
sestgebunden	festgebunden
sestgefahren	festgefahren
sestgemacht	festgemacht
sestnehnien	festnehmen
seten	setzen
sete	setzte
sette	setzte
seuern	feuern
seuerte	feuerte
seyten	setzten
sfraglos	fraglos
Shnen	Ihnen
shon	schon
Shren	Ihren
Shr	Ihr
sh	sich
shwand	schwand
shwer	schwer
Shxei	Schrei
siah	sich
siand	stand
sicber	sicher
sicb	sich
Sicherheitsgefiihl	Sicherheitsgefühl
sichs	sich
sic	sich
siczer	sicher
sid	sich
sieberte	fieberte
Siehft	Siehst
siel	fiel
sielte	zielte
siher	sicher
sih	sich
Siidamerikas	Südamerikas
Siidens	Südens
Siiden	Süden
siidöftlich	südöstlich
siidwiirts	südwärts
Siidwind	Südwind
siigte	fügte
siihrenden	führenden
siihren	führen
siihrte	führte
siihrten	führten
siillte	füllte
siinf	fünf
siinfzehn	fünfzehn
siins	fünf
siirchte	fürchte
siirchten	fürchten
siirchtete	fürchtete
siir	für
siisdöstlich	südöstlich
siißlicher	süßlicher
siiszlichen	süßlichen
sijr	für
Silih	Sikh
sinden	finden
Sinder	Inder
sindet	findet
sinnlase	sinnlose
sinsteres	finsteres
sirm	firm
si	sich
sißt	sitzt
sith	sich
siüsterte	flüsterte
siven	sitzen
Sjntslut	Sintflut
Slielette	Skelette
sliichtig	flüchtig
sliisierte	flüsterte
sliissig	flüssig
sliisternde	flüsternde
sliisternd	flüsternd
sliistern	flüstern
sliisterte	flüsterte
slötete	flötete
slüssiges	flüssiges
slüsterte	flüsterte
sngie	sagte
snoch	noch
Soban	Sobald
Socliel	Sockel
Sodel	Sockel
Sofaeclie	Sofaecke
Sofart	Sofort
soforti	sofort!
Sohald	Sobald
soiien	sollen
Solgen	Folgen
solite	sollte
sollde	sollte
Solon	Salon
somohl	sowohl
son	schon
sormte	formte
sort	fort
Sosa	Sofa
Sosatisch	Sofatisch
sosort	sofort
Sosort	Sofort
Sparhuch	Sparbuch
spater	später
späteve	spätere
spieiten	spielten
Spieszgesellen	Spießgesellen
spiihte	spähte
Spiirsinn	Spürsinn
Spite	Spitze
Spivbart	Spitzbart
splelen	spielen
Sportmiitze	Sportmütze
Sprachlienntnisse	Sprachkenntnisse
sprah	sprach
sprana	sprang
sprehen	sprechen
Sprengstosf	Sprengstoff
Spriihregen	Sprühregen
sprungbeveit	sprungbereit
Sputen	Spuren
spvang	sprang
sragien	fragten
sraglos	fraglos
sragte	fragte
srei	frei
sreigebig	freigebig
sreigibt	freigibt
sreistehende	freistehende
sriedfertige	friedfertige
sriih	früh
sroh	froh
sromme	fromme
srüh	früh
ssetzte	setzte
Sssel	Sessel
Stahlsesseln	Stahlfesseln
Stallgebiiude	Stallgebäude
stärbten	stärkten
starli	stark
Statian	Station
Stau	Frau
stechte	steckte
Steckbries	Steckbrief
steclie	stecke
steclite	steckte
stehi	steht
Steilkiiste	Steilküste
Steilusers	Steilufers
Steiluser	Steilufer
Steinsliesen	Steinfliesen
steis	stets
stellie	stellte
Sterbesimmers	Sterbezimmers
Steubetage	Sterbetage
Stevn	Stern
stiesz	stieß
Stiich	Stück
Stiicii	Stück
Stiick	Stück
Stiihle	Stühle
Stiimpfen	Stümpfen
Stiinme	Stimme
stiirmischen	stürmischen
stiirmte	stürmte
stiitzten	stützten
Stilckchen	Stückchen
Stinnneni	Stimmen!
Stinnne	Stimme
stmnpssinnig	stumpfsinnig
stochdunlile	stockdunkle
stocliend	stockend
Stod	Stock
stolperie	stolperte
stoppden	stoppten
stossweise	stoßweise
Strabe	Straße
Straffachen	Strafsachen
strannnen	strammen
Straßenfeite	Straßenseite
Straßenheleuchtung	Straßenbeleuchtung
Straßenliöter	Straßenköter
Strasse	Straße
Streclie	Strecke
streisten	streiften
strengie	strengte
Stubenmiidchen	Stubenmädchen
Stubenniädchen	Stubenmädchen
Stüch	Stück
stundenianger	stundenlanger
Stürk	Stück
Stvich	Strich
suhr	fuhr
Sumpslöchern	Sumpflöchern
sür	für
sütterte	fütterte
svaglos	fraglos
Swhlaf	Schlaf
swie	wie
Taaen	Tagen
Taae	Tage
Tafchenlampe	Taschenlampe
Tafees	Cafees
tagsiiber	tagsüber
Takebage	Takelage
Tancher	Taucher
tanschten	tauschten
Taschenlarnpe	Taschenlampe
Taschenmejser	Taschenmesser
Taschentiicher	Taschentücher
Taschentnch	Taschentuch
Taschienlampe	Taschenlampe
Tas	Das
Tas	las
tatfächlic	tatsächlich
tatjächlich	tatsächlich
tats	tat’s
Tätvwierung	Tätowierung
Taucherausriistung	Taucherausrüstung
Tbugs	Thugs
Tecil	Cecil
Teld	Geld
telegraphierie	telegraphierte
Telegvamm	Telegramm
telepbonierte	telephonierte
Tempelhose	Tempelhofe
Tempelhos	Tempelhof
Temp-evament	Temperament
Ter	Der
Tervasse	Terrasse
Testamentsvollstrecher	Testamentsvollstrecker
Teufelej	Teufelei
Teusels	Teufels
Teusel	Teufel
Tevasse	Terasse
Teylon	Ceylon
Thauffeur	Chauffeur
Thauffeurs	Chauffeurs
Thaufseur	Chauffeur
Thinesen	Chinesen
Thngs	Thugs
Thugi	Thug!
Tiber	Aber
Tiber	über
Tidel	Titel
Tierath	Tierarzt
Tierbiindiger	Tierbändiger
Tierkamps	Tierkampf
Tiersiguren	Tierfiguren
ties	tief
Tifchplatte	Tischplatte
Tiiir	Tür
tiin	tun
Tiiren	Türen
Tiir	Tür
tiiuschte	täuschte
Tintensleck	Tintenfleck
Tischdeche	Tischdecke
Tischdeclie	Tischdecke
Titelseide	Titelseite
Tluto	Auto
Todgemeihten	Todgeweihten
Todseind	Todfeind
toir	wir
Torwölhung	Torwölbung
Totengriiber	Totengräber
Tourdainpfer	Tourdampfer
Traghahre	Tragbahre
tragishe	tragische
Trah	Trab
trane	traue
träsen	träfen
tras	traf
traude	traute
Treppenstusen	Treppenstufen
tressen	treffen
trisst	trifft
trob	trotz
trochenen	trockenen
trochneie	trocknete
troß	trotz
Trovdem	Trotzdem
troy	trotz
Trube	Truhe
trunliener	trunkener
Türdriicker	Türdrücker
Türdrüchern	Türdrückern
Türfliigel	Türflügel
tür	für
Türlilopfer	Türklopfer
Türössnung	Türöffnung
Tur	Tür
tvaf	traf
tvat	trat
tvefflichste	trefflichste
tvenn	wenn
tverde	werde
Tvesor	Tresor
Uachdrucb	Nachdruck
Uachdruck	Nachdruck
Uachen	Nachen
Uachforschungen	Nachforschungen
Uachgiebigkeit	Nachgiebigkeit
Uachher	Nachher
Uachi	Nacht
Uachmittag	Nachmittag
Uach	Nach
Uachsorschungen	Nachforschungen
Uachtleben	Nachtleben
Uacht	Nacht
Uachttischchen	Nachttischchen
Uachttische	Nachttische
Uachttisch	Nachttisch
Uachtzuge	Nachtzuge
Uachtzug	Nachtzug
Uadel	Nadel
Uadeln	Nadeln
Uagpur	Nagpur
Uähe	Nähe
Uäheres	Näheres
Uame	Name
Uamen	Namen
Ua	Na
Uase	Nase
Uasgpur	Nagpur
Uässe	Nässe
Uatiirlich	Natürlich
Über	Aber
uberfuhren	überfuhren
überlilettert	überklettert
übersiel	überfiel
übersüllten	überfüllten
übertänt	übertönt
überwäitigte	überwältigte
überwucht	überwacht
übevsiehst	übersiehst
Ubr	Uhr
Übt	Uhr
ud	und
Uebenabsichten	Nebenabsichten
Uebenarm	Nebenarm
Uebenausgang	Nebenausgang
Uebenbei	Nebenbei
Uebendache	Nebendache
Uebengleis	Nebengleis
Uebenhäuschen	Nebenhäuschen
Uebenrolle	Nebenrolle
Uebensluß	Nebenfluß
Uebenstraße	Nebenstraße
Uebenzimmer	Nebenzimmer
Uebenzinnner	Nebenzinnner
Uebersahrt	Ueberfahrt
Uebersall	Ueberfall
Ueberschrist	Ueberschrift
Ueberzengnng	Ueberzeugung
Uegerdorfe	Negerdorfe
Uegerdors	Negerdorf
Ueger	Neger
Uehmen	Nehmen
Ueid	Neid
Uein	Nein
Uepal	Nepal
ueranlassen	veranlassen
uerbeugte	verbeugte
uerbitte	verbitte
uerborgene	verborgene
uerbrecherische	verbrecherische
Uerbrechertum	Verbrechertum
uerdeckt	verdeckt
uergewissern	vergewissern
uergiftete	vergiftete
uerheirateten	verheirateten
uerkleideter	verkleideter
uerrosteten	verrosteten
uerschwommene	verschwommene
uersiegelt	versiegelt
uersügende	verfügende
uertäut	vertäut
uerteufelten	verteufelten
uerurteilt	verurteilt
Uervengift	Nervengift
Uervenkitzel	Nervenkitzel
Uerven	Nerven
Uerwundete	Verwundete
uerzichtete	verzichtete
Ues	Yes
Ueues	Neues
Ueueste	Neueste
Ueuzeit	Neuzeit
Uhrliette	Uhrkette
Uiähe	Nähe
Uichte	Nichte
Uicht	Nicht
Uichts	Nichts
Uickeluhr	Nickeluhr
uiele	viele
uiel	viel
Uiemalsi	Niemals!
Uiemals	Niemals
Uiemandem	Niemandem
Uiemandi	Niemand!
Uiemand	Niemand
uier	vier
Uiihe	Nähe
Uiiheres	Näheres
uind	und
uin	um
Uirgends	Nirgends
Uischen	Nischen
Ulajor	Major
Ulalern	Malern
Ulann	Mann
Ulaster	Master
Ulein	Mein
Ulfter	Ulster
Uliitze	Mütze
Ulotorboote	Motorboote
Ulotor	Motor
Ulylord	Mylord
Umdeutlich	Undeutlich
umd	und
Umfchlag	Umschlag
umgebvacht	umgebracht
umgeliippt	umgekippt
umgesunilien	umgesunken
umherschweisen	umherschweifen
umlausenden	umlaufenden
umlausende	umlaufende
Umschbag	Umschlag
umsuhren	umfuhren
umvauschden	umrauschten
Umztngelung	Umzingelung
unbebaude	unbebaute
unb	und
underührten	unberührten
under	unter
undeutkicher	undeutlicher
Unerhiirt	Unerhört
unerlilärlich	enerklärlich
unerwiinscht	unerwünscht
unfanft	unsanft
unfaßharen	unfaßbaren
unferem	unserem
unferen	unseren
unfere	unsere
Unfere	Unsere
unfer	unser
Unfer	Unser
Unfrigen	Unsrigen
ungefund	ungesund
ungeheuver	ungeheurer
ungeiibter	ungeübter
ungeiibte	ungeübte
ungesärbt	ungefärbt
Ungeschichlichkeit	Ungeschicklichkeit
Ungeschiclilichkeit	Ungeschicklichkeit
ungeschlisfener	ungeschliffener
Ungezieser	Ungeziefer
ungläwbiges	ungläubiges
Ungliick	Unglück
Unglüch	Unglück
unhöfljch	unhöflich
unhöslich	unhöflich
unh	und
unid	und
unliingst	unlängst
Unlilaren	Unklaren
unmäglich	unmöglich
Unmillen	Unwillen
Unn	Um
unsd	und
unsehlbarer	unfehlbarer
unseve	unsere
Unseve	Unsere
unS	uns
untergeoangen	untergegangen
Unterkärper	Unterkörper
unterschätzti	unterschätzt!
Unterstiitzung	Unterstützung
Untersuchnng	Untersuchung
Unterwäfche	Unterwäsche
Unterwiirfigkeit	Unterwürfigkeit
unterwiirfig	unterwürfig
Unto	Auto
unverbohlen	unverhohlen
unverfvoven	unverfroren
Unversrorenheit	Unverfrorenheit
unwabrscheinlich	unwahrscheinlich
unwiirdigen	unwürdigen
Unwillliiirlich	Unwillkürlich
Uochinals	Nochmals
Uochmals	Nochmals
Uoch	Noch
Uogi	Yogi
uöllig	völlig
uoll	voll
uon	von
Uordende	Nordende
Uorden	Norden
Uordsee	Nordsee
Uordspitze	Nordspitze
Uordwest	Nordwest
Uorker	Yorker
Uork	York
uornherein	vornherein
uor	vor
uorwärts	vorwärts
Uorwegens	Norwegens
Uorweger	Norweger
Uotizen	Notizen
Uotiz	Notiz
Uotjzen	Notizen
Uot	Not
Uotsegeln	Notsegeln
Uovembertag	Novembertag
ür	für
Ur	Nr
Urspriinglich	Ursprünglich
üsber	über
User	Ufer
usnd	und
Ust	Ist
Uun	Nun
Uu	Nu
Uur	Nur
Uuß	Nuß
uwd	und
Uwsinn	Unsinn
Vachkammer	Dachkammer
vaffinierte	raffinierte
vaffinierteste	raffinierteste
vaffiniert	raffiniert
Valperlon	Palperlon
Vame	Dame
Vampfer	Dampfer
Vampser	Dampfer
Vampsern	Dampfern
Vanke	Danke
Vann	Dann
varald	Harald
Var	Bar
Varbatty	Warbatty
var	vor
var	war
vas	das
Vas	Das
vasfiniert	raffiniert
vasiert	rasiert
vaß	daß
Vaß	Daß
vat	hat
vauben	rauben
vauchte	rauchte
vdr	vor
Vecb	Deck
vechi	recht
vecht	recht
veges	reges
vegnen	regnen
veich	reich
veil	weil
veizte	reizte
vem	dem
ven	den
vendiente	verdiente
Vepesche	Depesche
Vepeschie	Depesche
Veponierung	Deponierung
verabfchiedeten	verabschiedeten
verbaftet	verhaftet
Verbiindeten	Verbündeten
verbiirgten	verbürgten
verbliihtes	verblühtes
verbvecherischen	verbrecherischen
Verdannnt	Verdammt
ver	der
Ver	Der
verfchleierte	verschleierte
verfchwunden	verschwunden
verfichern	versichern
Verfiigung	Verfügung
Verftede	Verstecke
verftedi	versteckt
verfügi	verfügt
Vergniigen	Vergnügen
Verhaltungsmaszregeln	Verhaltungsmaßregeln
verhärt	verhört
Verhastung	Verhaftung
Verhrecher	Verbrecher
verjtehit	verstehst
verkahlte	verkohlte
Verlause	Verlaufe
verliegen	verließen
verlies	verließ
Verlirecher	Verbrecher
verpacht	verpackt
verpriigeln	verprügeln
verpriigelten	verprügelten
Verriicbtes	Verrücktes
verschafsten	verschafften
verschiagenen	verschlagenen
verschslucht	verschluckt
verseßt	versetzt
vershwinden	verschwinden
Versicherungshetrug	Versicherungsbetrug
versiigt	verfügt
Versiihrer	Verführer
versiörte	verstörte
verspvach	versprach
verstärbte	verstärkte
verstiimmelte	verstümmelte
verstrjch	verstrich
verstveute	verstreute
vertiiut	vertäut
vertoauten	vertrauten
verzinlitem	verzinktem
ves	des
Vesto	Desto
Vetekdiv	Detektiv
Vetektioe	Detektive
Vetektiv	Detektiv
Vetektive	Detektive
Vetektivinspektor	Detektivinspektor
Vettler	Bettler
vevdächtige	verdächtige
vevsprach	versprach
vichtig	richtig
Viebesbande	Diebesbande
Viebin	Diebin
vie	die
vief	rief
vieleicht	vielleicht
vielfagend	vielsagend
viellciht	vielleicht
vielleiht	vielleicht
vielleit	vielleicht
vielsachen	vielfachen
Vienerschast	Dienerschaft
Vienstmann	Dienstmann
vieser	dieser
Vieses	Dieses
Vietriche	Dietriche
Vila	Villa
Vilia	Villa
Viner	Diner
vir	wir
Vir	Wir
Vistole	Pistole
Viwan	Diwan
voiier	voller
voiie	volle
vollkomnnen	vollkommen
Voppelte	Doppelte
vorbatte	vorhatte
vorbeifchaun	vorbeischaun
vorbeifchritt	vorbeischritt
Vorioärts	Vorwärts
Vorläuser	Vorläufer
Vormand	Vorwand
Vormärts	Vorwärts
vorniiber	vornüber
Vorsällen	Vorfällen
vorsand	vorfand
Vorschifs	Vorschiff
vorschoh	vorschob
vort	dort
Vort	Dort
Vorvaum	Vorraum
vorwärtsi	vorwärts!
vostlagernd	postlagernd
vovhat	vorhat
vrächtig	prächtig
Vrahtschlingen	Drahtschlingen
Vran	Frau
Vrau	Frau
Vrinzessin	Prinzessin
Vrivatsekretär	Privatsekretär
wachfen	wachsen
Wachslierze	Wachskerze
Wafter	Master
wahrhastig	wahrhaftig
wahrnehmbaves	wahrnehmbares
Waibatty	Warbatty
Wandschranh	Wandschrank
Wapitän	Kapitän
Warbaitty	Warbatty
Warbaity	Warbatty
Warbarty	Warbatty
Warbatiy	Warbatty
Warbatths	Warbattys
Warbatth	Warbatty
Warbattn	Warbatty
Warbattu	Warbatty
Warbattvl	Warbatty!
Warbattvs	Warbattys
Warbattv	Warbatty
Warbattyi	Warbatty!
Warbatw	Warbatty
Warbiattys	Warbattys
Warbiatty	Warbatty
Warbnttn	Warbatty
Warbnttys	Warbattys
Warbsatty	Warbatty
Wardatth	Warbatty
Wardattn	Warbatty
Wardatty	Warbatty
Warhatth	Warbatty
Warhatty	Warbatty
Warnemiinde	Warnemünde
wars	war’s
wärs	wär’s
Wasfen	Waffen
Wassersront	Wasserfront
Wassevansammlung	Wasseransammlung
Wassevarm	Wasserarm
Wasse	Waffe
Wavbattn	Warbatty
Wavbattv	Warbatty
Wavbatty	Warbatty
waven	waren
wavme	warme
wavmherzigen	warmherzigen
Wdlpoore	Wolpoore
wea	weg
Wea	Weg
Weaweiser	Wegweiser
wecbt	weckt
Weftfliigel	Westflügel
wegsallen	wegfallen
wehi	weht
Wehnsalon	Wohnsalon
Weibsbiid	Weibsbild
weißbiirtige	weißbärtige
weiss	weiß
Weisz	Weiß
Weiterl	Weiter!
Weitschweisigkeit	Weitschweifigkeit
weizen	weißen
weltentriickt	weltentrückt
Weltliarte	Weltkarte
Weltrus	Weltruf
weltserne	weltferne
wenns	wenn’s
Werbatty	Warbatty
werben	werden
Werkers	Weckers
Werst	Werft
weshaib	weshalb
Westfliigel	Westflügel
Westhasen	Westhafen
Westiiiiste	Westküste
Westkiiste	Westküste
Westslügel	Westflügel
wetter	weiter
wevden	werden
wghl	wohl
Wiarbattys	Warbattys
wiar	war
wias	was
wicht	nicht
widerstrebemd	widerstrebend
Wiinschen	Wünschen
wiinschte	wünschte
wiinscht	wünscht
wiirden	würden
wiirdest	würdest
wiirde	würde
wiirgte	würgte
wiir	wir
wiißte	wüßte
Wiiste	Wüste
wiiszke	wüßte
wiivde	würde
Windstäriie	Windstärke
winlite	winkte
wirdi	wird!
wirklic	wirklich
wirklih	wirklich
wirkli	wirklich
Wirlilich	Wirklich
wirlite	wirkte
wirlit	wirkt
wirs	wir’s
wisfen	wissen
Witzhold	Witzbold
wivd	wird
Wivd	Wird
wjderliche	widerliche
Wnrbatty	Warbatty
wnrf	warf
wobl	wohl
wodlig	wohlig
wohlbehalden	wohlbehalten
Wohlgcboren	Wohlgeboren
Wohnkajiite	Wohnkajüte
woilte	wollte
wolite	wollte
wolli	wollt
wollle	wollte
Wollsäden	Wollfäden
wolltesi	wolltest
Wolpooves	Wolpoores
Wolpoove	Wolpoore
wol	wohl
Woniit	Womit
Worb	Wort
Woriiber	Worüber
Wortfiihrer	Wortführer
wos	was
wovan	woran
Wovauf	Worauf
wovden	worden
Wracb	Wrack
Wrachs	Wracks
Wrach	Wrack
Wracii	Wrack
Wraclis	Wracks
Wracli	Wrack
Wracn	Wrack
Wsarbatty	Warbatty
wsar	war
wsenn	wenn
wsie	wie
wsir	wir
wso	wo
wufzte	wußte
Wunderelesanten	Wunderelefanten
wuszten	wußten
wuszte	wußte
wuvde	wurde
wüvde	würde
yermietet	vermietet
yorher	vorher
Zablreichen	Zahlreichen
Zahniirzte	Zahnärzte
Zaunpsahl	Zaunpfahl
Zch	Ich
Zeigesinger	Zeigefinger
Zeinent	Zement
Zeioefinger	Zeigefinger
Zellentiir	Zellentür
Zementhoden	Zementboden
zerade	gerade
Zerlinittert	Zerknittert
zermiirht	zermürbt
zerriittetem	zerrüttetem
Zh	Ich
Zhnen	Ihnen
Ziaarren	Zigarren
Ziegelhau	Ziegelbau
Zie	Sie
Zifferhlatt	Zifferblatt
Zigaretden	Zigaretten
Zigaretien	Zigaretten
Zigarve	Zigarre
Zigavettenetui	Zigarettenetui
Zigiarette	Zigarette
Zigsarette	Zigarette
Zigsarettsen	Zigaretten
Zigsarre	Zigarre
Ziigaretten	Zigaretten
Ziigarette	Zigarette
Ziige	Züge
ziindeie	zündete
zii	zu
Zimimer	Zimmer
Zimmertiir	Zimmertür
Zimwer	Zimmer
zinder	Inder
Zinmern	Zimmern
Zinnner	Zimmer
Zinnnier	Zimmer
zinn	zum
ZJ	Ich
ZJm	Im
zmar	zwar
zmei	zwei
zmneist	zumeist
zmr	zur
Zn	In
Znschauer	Zuschauer
Znsel	Insel
zn	zu
zoaen	zogen
zsu	zu
Zucherrohr	Zuckerrohr
zuchte	zuckte
zuciiend	zuckend
zucte	zuckte
Zuder	Inder
zudrüclite	zudrückte
zufällia	zufällig
Zufammenftoß	Zusammenstoß
zufammenhängt	zusammenhängt
zufammen	zusammen
zuf	auf
Zugbriiche	Zugbrücke
zugeblappten	zugeklappten
zugedriickt	zugedrückt
zugefliistert	zugeflüstert
zugehöri	zugehört
zugeknjffen	zugekniffen
zugerusen	zugerufen
zugeschicht	zugeschickt
zugesliistert	zugeflüstert
zugesteclit	zugesteckt
Zugfiihrer	Zugführer
zuischen	zwischen
zumejst	zumeist
zumerfen	zuwerfen
Zunieist	Zumeist
zuniichst	zunächst
zupste	zupfte
zurid	zurück
zuriesen	zuriefen
zuries	zurief
Zuriichfallen	Zurückfallen
zuriich	zurück
zuriickgelassen	zurückgelassen
zuriickgezogen	zurückgezogen
zuriickkehrten	zurückkehrten
zuriick	zurück
zurüchfallen	zurückfallen
zurüchgetreten	zurückgetreten
zurüchgingen	zurückgingen
zurüchhaltend	zurückhaltend
zurüchzufinden	zurückzufinden
zurüchzukehren	zurückzukehren
zurüch	zurück
Zurüch	Zurück
zurüchzurufen	zurückzurufen
zurückl	zurück!
zurückt	zurück!
zurüd	zurück
zurü	zurück
zusällig	zufällig
Zusammenaeknisfen	Zusammengekniffen
zusammengepreszten	zusammengepreßten
zusannnen	zusammen
zuweist	zumeist
zwängie	zwängte
zwecblose	zwecklose
zwecblos	zwecklos
Zweche	Zwecke
zwechlose	zwecklose
zwechlos	zwecklos
Zwechmäßigen	Zweckmäßigen
zwechs	zwecks
Zwech	Zweck
zweckles	zwecklos
zweclilos	zwecklos
Zweisel	Zweifel
Zwe	Zweck
Zwischenraumen	Zwischenräumen
