!!!	!!
!!!«	!!«
!!"	!!«
!"	!«
!?	!!
!?«	!!«
!“	!«
!”	!«
"	»
"…	»…
,"	,«
,“	,«
,”	,«
--	—
-«-	—
."	.«
.“	.«
.”	.«
0h	Oh
1ch	ich
1«	!«
1»	!«
303g	zog
3a	Ja
3eigt	Zeigt
3m	Im
5chraut	Schraut
7«	?«
7»	?«
?!!	?!
?!!«	?!«
?!"	?!«
?!“	?!«
?!”	?!«
?"	?«
??	?!
??«	?!«
?“	?«
?”	?«
Abemnals	Abermals
Abendftunde	Abendstunde
Abendmind	Abendwind
Abennals	Abermals
Abentenern	Abenteuern
Abenteuem	Abenteuer
Aberinals	Abermals
Abermais	Abermals
Abernrals	Abermals
Abevinals	Abermals
Abewdausgabe	Abendausgabe
Abfchnitten	Abschnitten
Abnungslosen	Ahnungslosen
Abreife	Abreise
Absahrt	Abfahrt
Absiurz	Absturz
Achterdcck	Achterdeck
Achtevdeck	Achterdeck
Adelslireise	Adelskreise
Aehnlich	Ähnlich
Aermsien	Aermsten
Aerzte	Ärzte
Aeuszeren	Aeußeren
Aeuszerungen	Aeußerungen
Aeußerwng	Aeußerung
Aeſte	Äste
Afrilias	Afrikas
Agvarier	Agrarier
Aher	Aber
Ahlehen	Ableben
Ahnngslosen	Ahnugslosen
Ahr	Ihr
Ahre	Ihre
Ahrem	Ihrem
Ahren	Ihren
Aiich	Auch
Ain	Am
Albntros	Albatros
Alfo	Also
Alhairos	Albatros
Alien	Alten
Alier	Aber
Allevdings	Allerdings
Allgemeinbildusng	Allgemeinbildung
Altertumsmsuseum	Altertumsmuseum
Altsvadt	Altstadt
Amch	Auch
Ameisenhausen	Ameisenhaufen
Amerilianer	Amerikaner
Amerjbaner	Amerikaner
Amstrich	Anstrich
Amtsoorsteher	Amtsvorsteher
Anast	Angst
Anfchrift	Anschrift
Angen	Augen
Anhähen	Anhöhen
Ankiinsdigung	Ankündigung
Anklopsen	Anklopfen
Anlegebriiche	Anlegebrücke
Anlegebriicke	Anlegebrücke
Ansall	Anfall
Anschrist	Anschrift
Ansrage	Anfrage
Ansragen	Anfragen
Ansteciimotor	Ansteckmotor
Ansälle	Anfälle
Ant	Art
Antiquitätenfalon	Antiquitätensalon
Antmorten	Antworten
Anto	Auto
Antsorten	Antworten
Anziige	Anzüge
Anzijge	Anzeige
Apothekendiifte	Apothekendüfte
Arabser	Araber
Arasbern	Arabern
Arbeitszimnier	Arbeitszimmer
Arbeitszinmner	Arbeitszimmer
Arbeitszinrmer	Arbeitszimmer
Aristobrat	Aristokrat
Armhand	Armband
Arsaber	Araber
Attendat	Attentat
Aud	Auch
Aufshub	Aufschub
Auftabt	Auftakt
Augenblich	Augenblick
Augenblickl	Augenblick!
Ausbriichen	Ausbrüchen
Ausdruchsweise	Ausdrucksweise
Ausfiihrgeschäfte	Ausfuhrgeschäfte
Ausfliige	Ausflüge
Auskiinfte	Auskünfte
Ausliinder	Ausländer
Ausläuser	Ausläufer
Ausmeis	Ausweis
Ausrecht	Aufrecht
Ausregung	Aufregung
Ausschrift	Aufschrift
Ausseufzen	Aufseufzen
Aussmachung	Aufsmachung
Ausstande	Aufstande
Austansch	Austausch
Ausziige	Auszüge
Autogavage	Autogarage
Außevdem	Außerdem
Avmband	Armband
Azt	Arzt
Babavia	Batavia
Bachbovdwand	Backbordwand
Bahnhos	Bahnhof
Bahnhoss	Bahnhofs
Bahnstreche	Bahnstrecke
Balkonaeländer	Balkongeländer
Balkontiir	Balkontür
Ballion	Balkon
Bambusbrüclie	Bambusbrücke
Bambushiitte	Bambushütte
Bangkoli	Bangkok
Bangliok	Bangkok
Banglioli	Bangkok
Bankmdte	Banknote
Baraid	Harald
Bari	Bart
Barst	Harst
Batabia	Batavia
Bataoia	Batavia
Batauia	Batavia
Bauchringe	Rauchringe
Bauchringen	Rauchringen
Bause	Pause
Bawde	Bande
Bbute	Blute
Beareifst	Begreifst
Bebannter	Bekannter
Becheri	Bechert
Bedeutng	Bedeutug
Begriißung	Begrüßung
Beibdot	Beiboot
Beilin	Berlin
Beinhleider	Beinkleider
Belienner	Bekenner
Belt	Welt
Bemeggriinde	Beweggründe
Bemußtlosigkeit	Bewußtlosigkeit
Berehrtester	Verehrtester
Berfall	Verfall
Bergstvaße	Bergstraße
Beriiner	Berliner
Bernf	Beruf
Berufsdetelitiv	Berufsdetektiv
Berus	Beruf
Besabung	Besatzung
Besahung	Besatzung
Besaljung	Besatzung
Besavung	Besatzung
Beschl	Befehl
Bescitzung	Besatzung
Besehles	Befehles
Besinden	Befinden
Besiver	Besitzer
Bestiirzung	Bestürzung
Bestjen	Bestien
Betrügerl	Betrüger!
Bettvand	Bettrand
Beweisstiicke	Beweisstücke
Bezirksath	Bezirksarzt
Biahnhof	Bahnhof
Biber	Aber
Bibliotheb	Bibliothek
Bibliotheii	Bibliothek
Bibliotheli	Bibliothek
Bier	hier
Biindel	Bündel
Biische	Büsche
Biischen	Büschen
Bilte	Bitte
Bir	Wir
Bittermadelölgeruch	Bittermandelölgeruch
Blasrahr	Blasrohr
Blddsinn	Blödsinn
Bleiftift	Bleistift
Bleistist	Bleistift
Blichen	Blicken
Blicli	Blick
Bliclre	Blicke
Blide	Blicke
Bliden	Blicken
Bliicherstraße	Blücherstraße
Blik	Blick
Blindleh	Blindley
Blindlen	Blindley
Bluch	Auch
Blumenverliäuferin	Blumenverkäuferin
Blutfpritzer	Blutspritzer
Bluto	Auto
Blutstrabl	Blutstrahl
Blödsinnl	Blödsinn!
Bmhmanen	Brahmanen
Bnngalow	Bungalow
Bnreau	Bureau
Bnrfchen	Burschen
Bogensenster	Bogenfenster
Bombav	Bombay
Bootshasens	Bootshafens
Bootssieg	Bootssteg
Bordmände	Bordwände
Bordwmtd	Bordwand
Boulevavd	Boulevard
Bovd	Bord
Bratkartofseln	Bratkartoffeln
Brdtkrmnen	Brotkrumen
Brecheiscn	Brecheisen
Brecljeisen	Brecheisen
Briag	Brigg
Briefbegen	Briefbogen
Brieftafche	Brieftasche
Brieftosche	Brieftasche
Briefuinschlag	Briefumschlag
Bries	Brief
Briese	Briefe
Briestext	Brieftext
Briesöffner	Brieföffner
Briicke	Brücke
Briiclie	Brücke
Briider	Brüder
Brjefbogen	Briefbogen
Brjgg	Brigg
Bsahnhof	Bahnhof
Bubenstiick	Bubenstück
Bulidoggen	Bulldoggen
Bunaalow	Bungalow
Bungalaw	Bungalow
Bungaloms	Bungalows
Bureautiiren	Bureautüren
Busett	Buffet
Buveau	Bureau
Bänme	Bäume
Börsengeschästen	Börsengeschäften
Bürgerfteig	Bürgersteig
C3	Es
C8	Es
Casee	Cafee
Cecjl	Cecil
Chanffeiir	Chauffeur
Chanfsee	Chaussee
Chaufseur	Chauffeur
Chausfeur	Chauffeur
Chausseur	Chauffeur
Chemilier	Chemiker
Chesingenieur	Chefingenieur
Chinefe	Chinese
Chjnese	Chinese
Chlorosorm	Chloroform
Chr	Ihr
Ciir	Tür
Cin	Ein
Cine	Eine
Cm	Im
Cr	Er
Cs	Es
Dachballien	Dachbalken
Dachlube	Dachluke
Dafein	Dasein
Dalast	Palast
Dallö	Vallö
Dalperlon	Palperlon
Dampser	Dampfer
Dampsers	Dampfers
Dangsam	Langsam
Danipfer	Dampfer
Danipfers	Dampfers
Danli	Dank
Danlie	Danke
Darald	Harald
Dariiber	Darüber
Darst	Harst
Dartie	Partie
Dasiir	Dafür
Dasz	Daß
Dater	Vater
Daumenabdruch	Daumenabdruck
Dauor	Davor
Dauunter	Darunter
Davan	Daran
Dch	Ich
Decb	Deck
Dech	Deck
Dechel	Deckel
Dechenlampe	Deckenlampe
Decii	Deck
Deciiel	Deckel
Deckenlainpe	Deckenlampe
Decli	Deck
Decliel	Deckel
Dede	Decke
Dedektiv	Detektiv
Dedel	Deckel
Deidacht	Verdacht
Delektjv	Detektiv
Denkerlropf	Denkerkopf
Denlien	Denken
Denselhen	Denselben
Dentilators	Ventilators
Depefche	Depesche
Deranda	Veranda
Derbiindeten	Verbündeten
Derbiindeter	Verbündeter
Derbindungstiir	Verbindungstür
Derbleib	Verbleib
Derbrechens	Verbrechens
Derbrecher	Verbrecher
Derbrecherbunde	Verbrecherbunde
Derbrechergenie	Verbrechergenie
Derbrecherlaufbahn	Verbrecherlaufbahn
Derbrechern	Verbrechern
Derbrechers	Verbrechers
Derbvecher	Verbrecher
Derbündeten	Verbündeten
Derdacht	Verdacht
Derdachtes	Verdachtes
Derdachtl	Verdacht!
Derdeck	Verdeck
Derdächtiges	Verdächtiges
Deredliing	Veredlung
Derein	Verein
Dereitlung	Vereitlung
Derengerung	Verengerung
Dergeistigung	Vergeistigung
Dergiftung	Vergiftung
Dergiß	Vergiß
Derhafteten	Verhafteten
Derhaftung	Verhaftung
Derhrechergehirn	Verhrechergehirn
Derhör	Verhör
Derke	Decke
Derkleidung	Verkleidung
Derlassen	Verlassen
Derlaufe	Verlaufe
Derleumdung	Verleumdung
Derlobter	Verlobter
Derlöbnis	Verlöbnis
Dermummte	Vermummte
Dermutungen	Vermutungen
Derplappert	Verplappert
Derr	Herr
Derschlag	Verschlag
Derschleierte	Verschleierte
Derschleierungen	Verschleierungen
Derschlusz	Verschluß
Derschwinden	Verschwinden
Dersiihrer	Verführer
Dersprechen	Versprechen
Dersteck	Versteck
Derstecks	Verstecks
Derstiimmelte	Verstümmelte
Dertraute	Vertraute
Dertrauten	Vertrauten
Dertrauter	Vertrauter
Derwundeten	Verwundeten
Derzeihung	Verzeihung
Detebtiv	Detektiv
Detebtive	Detektive
Detekjjv	Detektiv
Detektia	Detektiv
Detektin	Detektiv
Detektine	Detektive
Detektio	Detektiv
Detektioe	Detektive
Detektioen	Detektiven
Detektiopolizei	Detektivpolizei
Detektiuinspektor	Detektivinspektor
Detektivl	Detektiv!
Detektjve	Detektive
Detelitio	Detektiv
Detelitiu	Detektiv
Detelitiv	Detektiv
Detelitiven	Detektiven
Detelrtiv	Detektiv
Detelrtive	Detektive
Devandatreppe	Verandatreppe
Devbvecher	Verbrecher
Dh	Ich
Dh	Oh
Dhm	Ihm
Dhnen	Ihnen
Dhrer	Ihrer
Di	Du
Dianmnten	Diamanten
Diciie	Dicke
Diebesbaade	Diebesbande
Diebeshande	Diebesbande
Diefe	Diese
Diefer	Dieser
Dieh	Dieb
Dieh	Vieh
Dielleicht	Vielleicht
Dielseitigkeit	Vielseitigkeit
Dierecken	Vierecken
Diertel	Viertel
Diertelmillion	Viertelmillion
Diibel	Dübel
Diirfte	Dürfte
Dilla	Villa
Dillenkolonie	Villenkolonie
Dinan	Divan
Dirat	Pirat
Dision	Vision
Disionen	Visionen
Disitenkarten	Visitenkarten
Disitenliarte	Visitenkarte
Dja	Tja
Dmnpfers	Dampfers
Dn	Du
Doiitor	Doktor
Dold	Dolch
Dolitor	Doktor
Dolizeidirelitor	Polizeidirektor
Dollbart	Vollbart
Dollbärte	Vollbärte
Donhin	Vorhin
Doogfton	Doogston
Dor	Vor
Dorbau	Vorbau
Dorbaus	Vorbaus
Dordach	Vordach
Dorderbeinen	Vorderbeinen
Dorderdeck	Vorderdeck
Dorderflur	Vorderflur
Dorderseite	Vorderseite
Dorfiihrungen	Vorführungen
Dorfälle	Vorfälle
Dorführungen	Vorführungen
Dorgericht	Vorgericht
Dorhänge	Vorhänge
Dorhängen	Vorhängen
Dorhöfen	Vorhöfen
Dori	Dort
Doriiber	Vorüber
Dorlegeschlosses	Vorlegeschlosses
Dorname	Vorname
Doroaum	Vorraum
Dorplatz	Vorplatz
Dorplatze	Vorplatze
Dorratsraum	Vorratsraum
Dorrecht	Vorrecht
Dors	Dorf
Dorschiff	Vorschiff
Dorschifs	Vorschiff
Dorschisf	Vorschiff
Dorschlag	Vorschlag
Dorsichi	Vorsicht
Dorsicht	Vorsicht
Dorsjchtig	Vorsichtig
Dorsprung	Vorsprung
Dorsprüngen	Vorsprüngen
Dorstädte	Vorstädte
Dortritt	Vortritt
Dorwand	Vorwand
Dorwiirts	Vorwärts
Dorwärts	Vorwärts
Dorzeichen	Vorzeichen
Drau	Frau
Driiben	Drüben
Drinzessin	Prinzessin
Drizen	Prinzen
Drofchke	Droschke
Druchpresse	Druckpresse
Druciiknopf	Druckknopf
Drüde	Drücke
Dser	Der
Dsie	Die
Duchfensters	Dachfensters
Dulkans	Vulkans
Dunlielwerden	Dunkelwerden
Durchsahrt	Durchfahrt
Dust	Duft
Dvachen	Drachen
Dy	Du
Dörser	Dörfer
Dürsen	Dürfen
ES	Es
Eche	Ecke
Eclie	Ecke
Ede	Ecke
Edwsard	Edward
Eecil	Cecil
Eelegramm	Telegramm
Eharles	Charles
Ehauffeur	Chauffeur
Ehausfenr	Chauffeur
Ehegliich	Eheglück
Ehinese	Chinese
Ehinesen	Chinesen
Eiage	Etage
Eie	Sie
Einbreiher	Einbrecher
Einbäufe	Einkäufe
Einfluf	Einfluß
Eingebarener	Eingeborener
Eingeborcner	Eingeborener
Eingeborenenuiertel	Eingeborenenviertel
Eingebovenen	Eingeborenen
Eingedorene	Eingeborene
Einiadung	Einladung
Einlnsz	Einlaß
Einmiindung	Einmündung
Einsach	Einfach
Einsahrt	Einfahrt
Einsall	Einfall
Einsgeborenenviertel	Eingeborenenviertel
Eirmband	Armband
Eisendechel	Eisendeckel
Eisentiir	Eisentür
Eiser	Eifer
Eiskiihler	Eiskühler
Elesant	Elefant
Elesanten	Elefanten
Elllerdings	Allerdings
Elück	Glück
Empfänaer	Empfänger
Englander	Engländer
Englifch	Englisch
Engljsch	Englisch
Engländcr	Engländer
Enoland	England
Entdechnng	Entdeckung
Entfiibrte	Entführte
Entfiihrer	Entführer
Entfiihrung	Entführung
Entfuhrung	Entführung
Entmeichen	Entweichen
Eobbegräbnisses	Erbbegräbnisses
Eonnte	konnte
Epifode	Episode
Erbbegriibnisses	Erbbegräbnisses
Erbsolge	Erbfolge
Erdgeschosz	Erdgeschoß
Erdobersläche	Erdoberfläche
Ereppe	Treppe
Erfinne	Ersinne
Erft	Erst
Erhbegräbnisses	Erbbegräbnisses
Erleuchtiing	Erleuchtung
Erliennungszeichen	Erkennungszeichen
Ermiderung	Erwiderung
Ernft	Ernst
Ernressern	Erpressern
Ersatzbattevien	Ersatzbatterien
Erwarie	Erwarte
Eurapäer	Europäer
Europäeroiertel	Europäerviertel
Europäevn	Europäern
Evdgeschoß	Erdgeschoß
Eveignissen	Ereignissen
Extradlatt	Extrablatt
Fa	Ja
Facht	Jacht
Fahr	Jahr
Fahres	Jahres
Falltiir	Falltür
Fehber	Fehler
Fernalas	Fernglas
Fesselng	Fesselug
Fh	Ich
Fhnen	Ihnen
Fiau	Frau
Fischdampfen	Fischdampfer
Fjuch	Fluch
Fran	Frau
Frechheitl	Frechheit!
Fremdenfiihrer	Fremdenführer
Frend	Freund
Frgu	Frau
Fuau	Frau
Füssen	Füßen
Gahib	Sahib
Gahrzeug	Fahrzeug
Gartennuauer	Gartenmauer
Gartenpsorte	Gartenpforte
Gaschenlampe	Taschenlampe
Gaschentuch	Taschentuch
Gasliochers	Gaskochers
Gaucheranzug	Taucheranzug
Gauliler	Gaukler
Gb	Ob
Gbase	Glase
Gberarm	Oberarm
Gberkörper	Oberkörper
Gberleitung	Oberleitung
Gberscheibe	Oberscheibe
Gdith	Edith
Geaner	Gegner
Gebd	Geld
Gebiisch	Gebüsch
Gebnsch	Gebüsch
Gefellfchafterin	Gesellschafterin
Geficht	Gesicht
Gefindel	Gesindel
Geheimnjsses	Geheimnisses
Geheimtiir	Geheimtür
Gehetmtür	Geheimtür
Gehilse	Gehilfe
Gehilsin	Gehilfin
Gehäfts	Gehöfts
Gehöst	Gehöft
Geid	Geld
Geilhaber	Teilhaber
Gelbild	Ölbild
Gelfarbe	Ölfarbe
Gelleinwand	Ölleinwand
Gelmantel	Ölmantel
Gemiisegarten	Gemüsegarten
Gemiitlichkeit	Gemütlichkeit
Genieftveich	Geniestreich
Geniig	Genug
Geriicht	Gerücht
Gerinaschätzung	Geringschätzung
Gertlichkeit	Örtlichkeit
Geräden	Geräten
Gesangener	Gefangener
Geschmach	Geschmack
Geschäftssreundes	Geschäftsfreundes
Geschäftstiichtigkeit	Geschäftstüchtigkeit
Geseilschaft	Gesellschaft
Geselltgkeit	Geselligkeit
Gesiatten	Gestatten
Gesichtsziige	Gesichtszüge
Gesichtsziigen	Gesichtszügen
Gesits	Gesichts
Gespenstermracks	Gespensterwracks
Gespensterwrach	Gespensterwrack
Gesprach	Gespräch
Gesprächsgegensiandes	Gesprächsgegenstandes
Gesterreicher	Österreicher
Gestiit	Gestüt
Gesängnisses	Gefängnisses
Gesängniszelle	Gefängniszelle
Getränli	Getränk
Gewitterwvllie	Gewitterwokle
Gfsendar	Offenbar
Gh	Oh
Ghausseur	Chauffeur
Ghinese	Chinese
Ghrgeriiusche	Ohrgeräusche
Gid	Eid
Giiste	Gäste
Gilzuges	Eilzuges
Gin	Ein
Gine	Eine
Ginen	Einen
Ginfahrt	Einfahrt
Ginwohnern	Einwohnern
Gist	Gift
Gitterstiibe	Gitterstäbe
Glasscherhen	Glasscherben
Gld	Old
Gleichgültigkejt	Gleichgültigkeit
Gliich	Glück
Gliicklich	Glücklich
Gliickliche	Glückliche
Gliicli	Glück
Gluckfen	Glucksen
Glüch	Glück
Glückl	Glück!
Glüd	Glück
Gmalior	Gwalior
Gmen	Omen
Gmeni	Omen!
Gnadensrist	Gnadenfrist
Gntschuldigen	Entschuldigen
Goldaufdrucb	Goldaufdruck
Gpium	Opium
Gpiumgenuß	Opiumgenuß
Gpiumsalon	Opiumsalon
Gptimus	Optimus
Gptismus	Optimus
Graudärtigen	Graubärtigen
Greisjn	Greisin
Griibchen	Grübchen
Griifin	Gräfin
Griinde	Gründe
Griisze	Grüße
Griißen	Grüßen
Grinseii	Grinsen
Grottenverstecli	Grottenversteck
Großkaufmana	Großkaufmann
Großziigigkeit	Großzügigkeit
Grundftücks	Grundstücks
Gräfiii	Gräfin
Gräfjn	Gräfin
Gräsin	Gräfin
Gräsjn	Gräfin
Grösse	Größe
Grüsz	Grüß
Gstflügel	Ostflügel
Gstindien	Ostindien
Gstkiiste	Ostküste
Gstrande	Ostrande
Gstseite	Ostseite
Gstuser	Ostufer
Gude	Gute
Guropäerin	Europäerin
Gvaf	Graf
Gvaphit	Graphit
Gvas	Gras
Gwaliar	Gwalior
Gößen	Götzen
Habs	Hab's
Hafenbneipen	Hafenkneipen
Haftbesehl	Haftbefehl
Haiald	Harald
Haidarahad	Haidarabad
Haist	Harst
Haiuniien	Halunken
Hakan	Haken
Hakst	Harst
Halhschlaf	Halbschlaf
Halunlie	Halunke
Halunlien	Halunken
Hamld	Harald
Handbemegung	Handbewegung
Handgelenbe	Handgelenke
Handgelenlie	Handgelenke
Handiasche	Handtasche
Handriicken	Handrücken
Handschnh	Handschuh
Hans	Haus
Hansmeister	Hausmeister
Harabd	Harald
Harad	Harald
Haralb	Harald
Harald2	Haralds
Haraldi	Harald!
Haralh	Harald
Harals	Harald
Haralsd	Harald
Harfi	Harst
Harfst	Harst
Harft	Harst
Harfts	Harsts
Hargld	Harald
Hariald	Harald
Harit	Harst
Harjt	Harst
Hark	Harst
Harnld	Harald
Hars	Harst
Harsh	Harst
Harsi	Harst
Harsis	Harsts
Harsl	Harst
Harsst	Harst
HarstS	Harsts
Harsti	Harst!
Harstl	Harst!
Harstz	Harsts
Hasen	Hafen
Haseneinsahrt	Hafeneinfahrt
Hasenpolizei	Hafenpolizei
Hasens	Hafens
Hatft	Harst
Hatit	Harst
Hatold	Harald
Hatst	Harst
Hatsts	Harsts
Hauald	Harald
Haud	Hand
Haufe	Hause
Haupirolle	Hauptrolle
Hauptstrasze	Hauptstraße
Hauptstvaße	Hauptstraße
Hautsarbe	Hautfarbe
Hautsetzen	Hautfetzen
Havald	Harald
Havft	Harst
Havst	Harst
Havsts	Harsts
Haxst	Harst
Hech	Heck
Hechmotor	Heckmotor
Hefien	Heften
Hei	Hat
Heien	Haben
Heimtiicke	Heimtücke
Heimtiiclie	Heimtücke
Helfershelser	Helfershelfer
Herald	Harald
Herit	Harst
Herk	Heck
Herrenstiibchen	Herrenstübchen
Herst	Harst
Hersts	Harsts
Herzversettung	Herzverfettung
Hiarald	Harald
Hiarft	Harst
Hiarst	Harst
Hiarsts	Harsts
Hiavst	Harst
Hiehen	Hieben
Hieriiber	Hierüber
Hierl	Hier!
Hiigel	Hügel
Hiirst	Hörst
Hiitten	Hütten
Hilfskräste	Hilfskräfte
Himalava	Himalaya
Hinterkops	Hinterkopf
Hinterliops	Hinterkopf
Hinterschifss	Hinterschiffs
Hintervad	Hinterrad
Hlso	Also
Hnrst	Harst
Hochseeliutter	Hochseekutter
Hofsentlich	Hoffentlich
Holläwder	Holländer
Holzderkel	Holzdeckel
Holzstiicke	Holzstücke
Holztiir	Holztür
Hopliins	Hopkins
Hoteldirelitor	Hoteldirektor
Hoteldivektor	Hoteldirektor
Hsarald	Harald
Hsarft	Harst
Hsarit	Harst
Hsarsi	Harst
Hsarst	Harst
Hsarstl	Harst!
Hsarsts	Harsts
Hsavst	Harst
Hundegehell	Hundegebell
Hundezwjnger	Hundezwinger
Hurst	Harst
Hälste	Hälfte
Häufern	Häusern
Häuserblocli	Häuserblock
Höble	Höhle
IM	Ich
IVir	Wir
IVrack	Wrack
Ia	Ja
Iabrikarbeit	Fabrikarbeit
Iabrilien	Fabriken
Iach	Fach
Iache	Fache
Iacht	Jacht
Iachte	lachte
Iacke	Jacke
Iackentasche	Jackentasche
Iaffen	lassen
Iagdgebiet	Jagdgebiet
Iagdgewehr	Jagdgewehr
Iagdglück	Jagdglück
Iagdhegleiter	Jagdbegleiter
Iagdmesser	Jagdmesser
Iahndungsblattes	Fahndungsblattes
Iahr	Jahr
Iahre	Jahre
Iahren	Fahren
Iahrgelegenheit	Fahrgelegenheit
Iahrgiifte	Fahrgäste
Iahrgäste	Fahrgäste
Iahrkarte	Fahrkarte
Iahrrinne	Fahrrinne
Iahrt	Fahrt
Iahrzeugs	Fahrzeugs
Iakir	Fakir
Iakire	Fakire
Iakirs	Fakirs
Iaksir	Fakir
Iall	Fall
Ialle	Falle
Iallen	Fallen
Iallendes	fallendes
Iallreep	Fallreep
Ialls	Falls
Ialltiir	Falltür
Ialltür	Falltür
Ialschen	Falschen
Iames	James
Iamilienangelegenheit	Familienangelegenheit
Iamilienschicksal	Familienschicksal
Iamilientragödie	Familientragödie
Ianatismus	Fanatismus
Iang	Fang
Iangsam	langsam
Iarald	Harald
Iarbband	Farbband
Iarbe	Farbe
Iarben	Farben
Iarbige	Farbige
Iarbigen	Farbigen
Iarst	Harst
Iassen	lassen
Iast	Fast
Iatima	Fatima
Iaust	Faust
Iausthieb	Fausthieb
Iava	Java
Iavanen	Javanen
Iavoriten	Favoriten
Ibr	Ihr
Ic	Ich
Ich4	Ich
Id	Ich
Iebhaste	lebhafte
Iede	Jede
Ieder	Jeder
Iederhalter	Federhalter
Iedermesser	Federmesser
Iedes	Jedes
Iee	Fee
Ieglichen	jeglichen
Iehlende	fehlende
Iehler	Fehler
Iehlschläge	Fehlschläge
Ieicht	leicht
Ieigenbaum	Feigenbaum
Ieigling	Feigling
Ieindin	Feindin
Ieinschmecher	Feinschmecker
Ieioling	Feigling
Ieis	Fels
Ieiseneiland	Felseneiland
Ieldherrn	Feldherrn
Ieldwebel	Feldwebel
Ieldzug	Feldzug
Ieldzugsplan	Feldzugsplan
Iell	Fell
Iels	Fels
Ielsblock	Felsblock
Ielsblockes	Felsblockes
Ielsblöcken	Felsblöcken
Ielsen	Felsen
Ielsenbriicke	Felsenbrücke
Ielsenbrücke	Felsenbrücke
Ielsengruppe	Felsengruppe
Ielsental	Felsental
Ielskluft	Felskluft
Ielskoloß	Felskoloß
Ielsmassen	Felsmassen
Ielsspalte	Felsspalte
Ielsstiick	Felsstück
Ielsstiicke	Felsstücke
Ielsstück	Felsstück
Ieme	Feme
Ienster	Fenster
Iensterecke	Fensterecke
Ienstergardine	Fenstergardine
Ienstergitter	Fenstergitter
Iensterkreuz	Fensterkreuz
Iensterln	Fensterln
Iensterrahmen	Fensterrahmen
Iensterreihen	Fensterreihen
Iensterriegel	Fensterriegel
Iensters	Fensters
Ienstersims	Fenstersims
Iensterslügel	Fensterflügel
Ienstertisch	Fenstertisch
Ienstervahmens	Fensterrahmens
Ierne	Ferne
Iernglases	Fernglases
Ierngläser	Ferngläser
Ierngläsern	Ferngläsern
Iersen	Fersen
Iesseln	Fesseln
Iesselung	Fesselung
Iest	Fest
Iestabend	Festabend
Iestessen	Festessen
Iestigbeit	Festigkeit
Iestlichkeiten	Festlichkeiten
Iestnahme	Festnahme
Ietngläser	Ferngläser
Ietzt	Jetzt
Ieuerball	Feuerball
Ieuerdrachen	Feuerdrachen
Ieuermerk	Feuerwerk
Ieuerräder	Feuerräder
Ieuerwerk	Feuerwerk
Ieuerwerks	Feuerwerks
Ieuerwerkskörper	Feuerwerkskörper
Ifriseur	Friseur
Ih	Ich
Ihoes	Ihres
Ihve	Ihre
Ihver	Ihrer
Iibentiir	Nebentür
Iieberfrost	Fieberfrost
Iihr	Ihr
Iiihrer	Führer
Iiins	Fünf
Iiir	Für
Iiirft	Fürst
Iiirst	Fürst
Iiirsten	Fürsten
Iiisze	Füße
Iiißen	Füßen
Iilin	Film
Iilm	Film
Iindest	Findest
Iinger	Finger
Iingerzeig	Fingerzeig
Iiops	Kopf
Iirmament	Firmament
Iischdampfer	Fischdampfer
Iischkutter	Fischkutter
Iischliutter	Fischkutter
Ijord	Fjord
Ijordluft	Fjordluft
Ijordmündung	Fjordmündung
Ijords	Fjords
Ijschkutter	Fischkutter
Ilachtwinde	Nachtwinde
Ilagge	Flagge
Ilandern	Flandern
Ilandevn	Flandevn
Ilanellanzug	Flanellanzug
Ilanidern	Flandern
Ilasche	Flasche
Ilebenzimmer	Nebenzimmer
Ilechtwerk	Flechtwerk
Ilehens	Flehens
Ileischbrühe	Fleischbrühe
Ileischevei	Fleischerei
Iliesen	Fliesen
Iliigel	Flügel
Iliigeltiir	Flügeltür
Iliigeltür	Flügeltür
Iliisterton	Flüsterton
Iliißchen	Flüßchen
Ilimmern	Flimmern
Illalke	Malke
Illast	Mast
Illeere	Meere
Illisz	Miß
Illiß	Miß
Illädchen	Mädchen
Ilnd	Und
Ilorwegens	Norwegens
Iloße	Floße
Ilrm	Arm
Ilucht	Flucht
Iluchtverfuch	Fluchtversuch
Iluchtversuch	Fluchtversuch
Ilugzeug	Flugzeug
Ilur	Flur
Ilure	Flure
Ilurs	Flurs
Ilurtiir	Flurtür
Ilurtür	Flurtür
Iluss	Fluß
Ilusse	Flusse
Ilut	Flut
Iluß	Fluß
Ilußmiindung	Flußmündung
Ilußmiindungen	Flußmündungen
Ilähe	Nähe
Ilöszen	Flößen
Ilöte	Flöte
Ilößen	Flößen
Ilügel	Flügel
Ilügeltiir	Flügeltür
Ind	Und
Indva	Indra
Infpektor	Inspektor
Inliognito	Inkognito
Inspelitor	Inspektor
Insvektor	Inspektor
Interefsantes	Interessantes
Iolge	Folge
Iolgen	Folgen
Iorm	Form
Iormalitäten	Formalitäten
Iorschungsreisenden	Forschungsreisenden
Iort	Fort
Iracht	Fracht
Irachtdampfer	Frachtdampfer
Irage	Frage
Iraglos	Fraglos
Iraiu	Frau
Iranzose	Franzose
Iranzösin	Französin
Irasu	Frau
Iratze	Fratze
Irau	Frau
Irauengestalt	Frauengestalt
Irauenhände	Frauenhände
Irauenkopf	Frauenkopf
Irauenköpfe	Frauenköpfe
Irauenschlafzimmer	Frauenschlafzimmer
Iraul	Frau!
Iraße	Fraße
Irechheit	Frechheit
Ireier	Freier
Ireilasfung	Freilassung
Ireilassung	Freilassung
Ireitreppe	Freitreppe
Iremde	Fremde
Iremdenbuch	Fremdenbuch
Iremdenfiihrer	Fremdenführer
Iremdenführers	Fremdenführers
Iremdenheim	Fremdenheim
Iremdenheims	Fremdenheims
Ireude	Freude
Ireund	Freund
Iriau	Frau
Iriichte	Früchte
Iriieden	Frieden
Iriiher	Früher
Iriihstiick	Frühstück
Iriihstiickstifch	Frühstückstisch
Ironzösin	Französin
Iräulein	Fräulein
Irösteln	Frösteln
Isahrt	Fahrt
Isalltiir	Falltür
Iseuer	Feuer
Iugend	Jugend
Iunge	Junge
Iusz	Fuß
Iuszangeln	Fußangeln
Iusze	Fuße
Iuß	Fuß
Iußboden	Fußboden
Iußbodens	Fußbodens
Iuße	Fuße
Ivage	Frage
Ivau	Frau
Iveund	Freund
Iährte	Fährte
Iällen	Fällen
Iälschung	Fälschung
Iältchen	Fältchen
Iässern	Fässern
Iügte	Fügte
Iüllen	Füllen
Iüllfeder	Füllfeder
Iüllfederhalter	Füllfederhalter
Iüllung	Füllung
Iünf	Fünf
Iünfzehn	Fünfzehn
Iür	Tür
Iürchten	Fürchten
Iürft	Fürst
Iürst	Fürst
Iürsten	Fürsten
Iürstentums	Fürstentums
JFnder	Inder
JH	Ich
JI	Ich
JJ	Ich
JZnder	Inder
Jade	Jacke
Jaeht	Jacht
Jagdausflng	Jagdausflug
Jahrt	Fahrt
Jahrzeuge	Fahrzeuge
Jahven	Jahren
Jakir	Fakir
Jall	Fall
Jalle	Falle
Jalltiir	Falltür
Jalltür	Falltür
Jamiliengrust	Familiengruft
Jana	Java
Jananen	Javanen
Janatiker	Fanatiker
Jaust	Faust
Jbr	Ihr
Jbren	Ihren
Jc	Ich
Jcb	Ich
Jch	Ich
Jdee	Idee
Jebt	Jetzt
Jedensalls	Jedenfalls
Jedern	Jedem
Jeht	Jetzt
Jeigefinger	Zeigefinger
Jeind	Feind
Jelseninseln	Felseninseln
Jelsmassen	Felsmassen
Jenster	Fenster
Jensterladen	Fensterladen
Jenstern	Fenstern
Jenstervorhang	Fenstervorhang
Jerngläser	Ferngläser
Jersen	Fersen
Jett	Jetzt
Jeßt	Jetzt
Jh	Ich
Jhm	Ihm
Jhn	Ihn
Jhnen	Ihnen
Jhneu	Ihnen
Jhr	Ihr
Jhre	Ihre
Jhren	Ihren
Jhrer	Ihrer
Jhres	Ihres
Jiihrer	Führer
Jiirchten	Fürchten
Jiirst	Fürst
Jiisze	Füße
Jin	Im
Jirmaments	Firmaments
Jjord	Fjord
Jjords	Fjords
Jlaschen	Flaschen
Jliesen	Fliesen
Jlucht	Flucht
Jlurgloclie	Flurglocke
Jlurs	Flurs
Jlußdelta	Flußdelta
Jm	Im
Jmmerhin	Immerhin
Jn	In
Jnder	Inder
Jnderin	Inderin
Jnders	Inders
Jndia	India
Jndien	Indien
Jndischen	Indischen
Jndra	Indra
Jnfpektor	Inspektor
Jngenienr	Ingenieur
Jngenieur	Ingenieur
Jngenieurs	Ingenieurs
Jnhalt	Inhalt
Jnjel	Insel
Jnkognito	Inkognito
Jnliognito	Inliognito
Jnnen	Innen
Jnneneinrichtung	Inneneinrichtung
Jnnenseite	Innenseite
Jnsassen	Insassen
Jnschriften	Inschriften
Jnsel	Insel
Jnselchen	Inselchen
Jnseln	Inseln
Jnserat	Inserat
Jnsoektor	Inspektor
Jnsofern	Insofern
Jnspeiitor	Inspektor
Jnspektior	Inspektor
Jnspektor	Inspektor
Jnspektors	Inspektors
Jnspelitor	Inspektor
Jnstinkte	Instinkte
Jnsvektor	Inspektor
Jnteressante	Interessante
Jnteressantes	Interessantes
Jnteressse	Interessse
Jntersse	Interesse
Jolge	Folge
Jraglos	Fraglos
Jranzose	Franzose
Jrau	Frau
Jreilassung	Freilassung
Jremdenfiihrer	Fremdenführer
Jremdenführer	Fremdenführer
Jremdenheim	Fremdenheim
Jreudentaumel	Freudentaumel
Jreund	Freund
Jrgendwo	Irgendwo
Jrgendwoher	Irgendwoher
Jrrenanstalt	Irrenanstalt
Jrrgarten	Irrgarten
Jrrsinniger	Irrsinniger
Jrrtiimer	Irrtümer
Jslands	Islands
Jsländer	Isländer
Jsländern	Isländern
Jsm	Im
Jst	Ist
Ju	In
Juchtentasche	Jackentasche
Juder	Inder
Jurs	Kurs
Jusel	Insel
Jusze	Fuße
Juszfesseln	Fußfesseln
Juß	Fuß
Jweifel	Zweifel
Jährte	Fährte
Jälschung	Fälschung
Jältchen	Fältchen
Jührer	Führer
Jünf	Fünf
Jürst	Fürst
Kabinentiir	Kabinentür
Kadine	Kabine
Kagnak	Kognak
Kahinenfenfter	Kabinenfenster
Kahinenfenster	Kabinenfenster
Kahlenkahn	Kohlenkahn
Kaira	Kairo
Kajiiie	Kajüte
Kajiite	Kajüte
Kajiiten	Kajüten
Kajiitendach	Kajütendach
Kajijte	Kajüte
Kajijtendecb	Kajütendeck
Kaltbliitigkeit	Kaltblütigkeit
Kameie	Kamele
Kammertiir	Kammertür
Kannde	Kannte
Kapiiän	Kapitän
Kapitiin	Kapitän
Kapitön	Kapitän
Kapsbewegungen	Kopfbewegungen
Kasfee	Kaffee
Kasiite	Kajüte
Kassee	Kaffee
Kasüte	Kajüte
Kaupmann	Kaufmann
Kautabali	Kautabak
Kavitän	Kapitän
Kavstadt	Kapstadt
Keit	Zeit
Kenkurrent	Konkurrent
Kepenhagen	Kopenhagen
Kiapitän	Kapitän
Kiiche	Küche
Kiihlraum	Kühlraum
Kiistendampfer	Küstendampfer
Klappstiihlen	Klappstühlen
Kleidungsstjicke	Kleidungsstücke
Kleiniglieiten	Kleinigkeiten
Knachen	Knacken
Knisiern	Knistern
Kobvas	Kobras
Kofser	Koffer
Kognaakflasche	Kognakflasche
Kohienkahn	Kohlenkahn
Kohlenbahn	Kohlenkahn
Kon	Kopf
Konisere	Konifere
Konnnissar	Kommissar
Kopfschiitteln	Kopfschütteln
Kopftiicher	Kopftücher
Kops	Kopf
Kopstuch	Kopftuch
Korbfessel	Korbsessel
Korbsesfel	Korbsessel
Kosfer	Koffer
Kosser	Koffer
Kossern	Koffern
Kostiime	Kostüme
Krast	Kraft
Krastlos	Kraftlos
Krau	Frau
Krinrinalbeamten	Kriminalbeamten
Ksajüte	Kajüte
Ksapitäns	Kapitäns
Kugei	Kugel
Kvach	Krach
Kvaft	Kraft
Kvimjnalinspektor	Kriminalinspektor
Känigshause	Königshause
Käser	Käfer
Käuser	Käufer
Küchentiir	Küchentür
Kürbiskops	Kürbiskopf
Küstendampsers	Küstendampfers
Lachschuhen	Lackschuhen
Ladeiuke	Ladeluke
Ladentiir	Ladentür
Ladf	Lady
Ladh	Lady
Ladn	Lady
Ladu	Lady
Ladv	Lady
Landratien	Landratten
Landschastsmaier	Landschaftsmaler
Lart	Bart
Laufplanlie	Laufplanke
Lausplanke	Laufplanke
Lebensgesahr	Lebensgefahr
Ledersosa	Ledersofa
Ledersosas	Ledersofas
Ledewohl	Lebewohl
Lehen	Leben
Leibgavde	Leibgarde
Leiher	Leiber
Lektiire	Lektüre
Lente	Leute
Lesezinrmer	Lesezimmer
Libin	Lihin
Lichtbegel	Lichtkegel
Lichtfchalter	Lichtschalter
Lichthegel	Lichtkegel
Lichtliegel	Lichtkegel
Lichtslut	Lichtflut
Lichtstrahi	Lichtstrahl
Liebesgliick	Liebesglück
Liebhaberdetelitios	Liebhaberdetektivs
Liebhaberdetelitiv	Liebhaberdetektiv
Liegestiihlen	Liegestühlen
Lieher	Lieber
Liige	Lüge
Liigen	Lügen
Linlien	Linken
Liops	Kopf
Lipven	Lippen
Lisde	Liste
Liuree	Livree
Lloyddampsers	Lloyddampfers
Loiial	Lokal
Lon	Lord
Lordfchaft	Lordschaft
Lordschast	Lordschaft
Lordschiaft	Lordschaft
Lors	Lord
Loud	Lord
Lovd	Lord
Lovds	Lords
Lovdschaft	Lordschaft
Lube	Luke
Luchnow	Lucknow
Luclinow	Lucknow
Luhe	Luke
Lungenentziindung	Lungenentzündung
Lusi	Lust
Lustdrucii	Luftdruck
Lustzug	Luftzug
Löschdlatt	Löschblatt
Madvas	Madras
Mafter	Master
Mahnwitzige	Wahnwitzige
Mahrscheinlich	Wahrscheinlich
Mallie	Malke
Malord	Mylord
Mannchen	Männchen
Mannerbesuch	Männerbesuch
Mantei	Mantel
Manu	Mann
Marbatty	Warbatty
Maschinenfchaden	Maschinenschaden
Maschinjst	Maschinist
Maschjnisten	Maschinisten
Maschraum	Waschraum
Masler	Master
Matrossen	Matrosen
Mauersuge	Mauerfuge
Mavke	Marke
Mber	Aber
Mem	Wem
Menih	Mensch
Meshalb	Weshalb
Messerlilinge	Messerklinge
Meuchelmdrder	Meuchelmörder
Mhlord	Mylord
Mhnheer	Mynheer
Miallie	Malke
Mifchung	Mischung
Mifz	Miß
Miide	Müde
Miihe	Mühe
Miiiionen	Millionen
Miilze	Mütze
Miindung	Mündung
Miitze	Mütze
Millionenerbschnft	Millionenerbschaft
Minoret	Minaret
Mirakulnm	Mirakulum
Miraliulum	Mirakulum
Mischvasse	Mischrasse
Mistresz	Mistreß
Mistvesz	Mistreß
Misz	Miß
Misztrauen	Mißtrauen
Mitteifinger	Mittelfinger
Mittelschifs	Mittelschiff
Mittelsingers	Mittelfingers
Mittelstiickcs	Mittelstückes
Mittelstiicks	Mittelstücks
Mjßtrauen	Mißtrauen
Mjßtrauens	Mißtrauens
Mnisstroh	Maisstroh
Molpoore	Wolpoore
Moran	Woran
Mordzinnner	Mordzimmer
Morsealphahet	Morsealphabet
Moschinist	Maschinist
Motars	Motors
Motia	Motiv
Motorliutter	Motorkutter
Motouboot	Motorboot
Motovboot	Motorboot
Motovgeknatter	Motorgeknatter
Movd	Mord
Mrack	Wrack
Msann	Mann
Msaster	Master
Mugen	Augen
Mundung	Mündung
Musliulatur	Muskulatur
Mvnheer	Mynheer
Myiord	Mylord
Mylordi	Mylord!
Männerftimme	Männerstimme
Märdersekte	Mördersekte
Mövder	Mörder
Mübe	Mütze
Münden	München
Müße	Mütze
Nacbtzug	Nachtzug
Nachbarschast	Nachbarschaft
Nachi	Nacht
Nachl	Nacht
Nachthinnnel	Nachthimmel
Nachtng Nachtzug
Nag	Nach
Nariiose	Narkose
Nebenberus	Nebenberuf
Nebenzinnner	Nebenzimmer
Neuigkejt	Neuigkeit
Nieinals	Niemals
Niirnberg	Nürnberg
Niziam	Nizam
Nordosi	Nordost
Notliige	Notlüge
Nuhe	Ruhe
Nuto	Auto
Nöhe	Nähe
Nüden	Rücken
OM	Hm
Oandzunge	Landzunge
Oarbatty	Warbatty
Obr	Ohr
Oel	Öl
Oelsleck	Ölfleck
Oer	der
Oessnen	Öffnen
Oie	die
Om	Hm
Opser	Opfer
Osfenbar	Offenbar
Osfizier	Offizier
Ouadrat	Quadrat
Paave	Paare
Palaft	Palast
Palizeirat	Polizeirat
Palperlans	Palperlons
Palperlonfchen	Palperlonschen
Palperloni	Palperlon!
Palverlon	Palperlon
Papierstiick	Papierstück
Papievgeld	Papiergeld
Parbes	Parkes
Parfiim	Parfüm
Parli	Park
Parlibäume	Parkbäume
Parlie	Parke
Parlies	Parkes
Parliett	Parkett
Parlimauer	Parkmauer
Parsüm	Parfüm
Perbrechers	Verbrechers
Perfien	Persien
Perfonal	Personal
Periicke	Perücke
Perüclie	Perücke
Pistolenkdlben	Pistolenkolben
Plab	Platz
Plandagen	Plantagen
Plandagenbesitzer	Plantagenbesitzer
Platschern	Plätschern
Plattforin	Plattform
Plav	Platz
Play	Platz
Plaß	Platz
Pläve	Plätze
Pnau	Prau
Pnrkes	Parkes
Poft	Post
Poinzen	Prinzen
Polizeiatzt	Polizeiarzt
Polizeiches	Polizeichef
Polizeidirebtion	Polizeidirektion
Polizeidirelition	Polizeidirektion
Polizeidirelitor	Polizeidirektor
Polizeigebände	Polizeigebäude
Polizeiinspelitor	Polizeiinspektor
Polizejchef	Polizeichef
Portiigals	Portugals
Pran	Prau
Prieatleben	Privatleben
Priefter	Priester
Prinzefsin	Prinzessin
Prinzesssin	Prinzessin
Prioatpolizei	Privatpolizei
Prioatsekretär	Privatsekretär
Privatkontvr	Privatkontor
Privatliontor	Privatkontor
Privatsebretiir	Privatsekretär
Privatseliretiir	Privatsekretär
Privatseliretär	Privatsekretär
Priviatdetektiv	Privatdetektiv
Prjnz	Prinz
Propbet	Prophet
Propeiier	Propeller
Prosil	Profil
Pseiler	Pfeiler
Pslaster	Pflaster
Puau	Prau
Puinzessin	Prinzessin
Puß	Paß
Pvau	Prau
Pvinzessin	Prinzessin
Pächchen	Päckchen
Päclichen	Päckchen
Qesen	Ösen
Qnietschen	Quietschen
Qrientreise	Orientreise
Raiiite	Kajüte
Raliisana	Rakisana
Ranal	Kanal
Ranäle	Kanäle
Rapiiän	Kapitän
Rapitän	Kapitän
Rapjtän	Kapitän
Rarl	Karl
Rastbaus	Rasthaus
Raubinordes	Raubmordes
Raubmovd	Raubmord
Raubtierhaufes	Raubtierhauses
Raubziige	Raubzüge
Rauchvingen	Rauchringen
Regelmäszigkeit	Regelmäßigkeit
Reinsall	Reinfall
Reisegesellschast	Reisegesellschaft
Reisemiitze	Reisemütze
Reisezjel	Reiseziel
Reklameschrist	Reklameschrift
Rekovder	Rekorder
Rellerraum	Kellerraum
Rellner	Kellner
Renoloer	Revolver
Renolver	Revolver
Rerl	Kerl
Reuolner	Revolver
Reuolver	Revolver
Revalver	Revolver
Revolner	Revolver
Revoloer	Revolver
Revoloerkolben	Revolverkolben
Revoloers	Revolvers
Revolrer	Revolver
Revoluer	Revolver
Revolverbugel	Revolverkugel
Riesenkriiste	Riesenkräfte
Riicken	Rücken
Riicliwand	Rückwand
Riihren	Rühren
Riitsel	Rätsel
Rilien	Rillen
Rilischas	Rikschas
Robinfon	Robinson
Robra	Kobra
Rochwell	Rockwell
Rochwells	Rockwells
Rocliwell	Rockwell
Rombiise	Kombüse
Rombinieren	Kombinieren
Rombüse	Kombüse
Ronkurrenz	Konkurrenz
Ropfbewegung	Kopfbewegung
Rostslecken	Rostflecken
Rratersee	Kratersee
Rriminalkommissar	Kriminalkommissar
Rud	Ruck
Ruhmesliranz	Ruhmeskranz
Run	Nun
Rundsahrt	Rundfahrt
Rur	Nur
Rutter	Kutter
Räuberstiick	Räuberstück
Rüchfahrt	Rückfahrt
Rüchversicherung	Rückversicherung
Rückfvont	Rückfront
Rücksahrt	Rückfahrt
Rüclischlusz	Rückschluß
Rücliversicherung	Rückversicherung
Rüden	Rücken
Rüdfeite	Rückseite
Rüste	Küste
Sa	Ja
Sab	Satz
Sachse	Sache
Sad	Sack
Sade	Sache
Safaecke	Sofaecke
Sahih	Sahib
Sahjb	Sahib
Sahr	Jahr
Sahre	Jahre
Sarft	Harst
Sate	Satze
Saumetter	Sauwetter
Saß	Satz
Sch	Ich
Schafsbopf	Schafskopf
Schafsner	Schaffner
Schanliraum	Schankraum
Schasfleisch	Schaffleisch
Schasfner	Schaffner
Schassner	Schaffner
Schattewbilder	Schattenbilder
Schausvieler	Schauspieler
Scheclibuch	Scheckbuch
Schiclisal	Schicksal
Schiffszwiehack	Schiffszwieback
Schiiler	Schüler
Schiisse	Schüsse
Schiissel	Schüssel
Schiss	Schiff
Schissspapieren	Schiffspapieren
Schisssuerkehr	Schiffsverkehr
Schlafzinnner	Schlafzimmer
Schlafzinnwer	Schlafzimmer
Schlanlre	Schlanke
Schlasgemach	Schlafgemach
Schlaspuloer	Schlafpulver
Schlasraum	Schlafraum
Schlaszimmer	Schlafzimmer
Schlaszimsmer	Schlafzimmer
Schlaszinrmer	Schlafzimmer
Schlaszjmmer	Schlafzimmer
Schleisbank	Schleifbank
Schliesze	Schließe
Schliisse	Schlüsse
Schliissel	Schlüssel
Schlnfzimmer	Schlafzimmer
Schlosz	Schloß
Schluch	Schluck
Schlupfwinbel	Schlupfwinkel
Schlupswinkel	Schlupfwinkel
Schläfenlochen	Schläfenlocken
Schmaut	Schraut
Schmeigen	Schweigen
Schmnt	Schraut
Schmuckstiichen	Schmuckstücken
Schmuckstüclie	Schmuckstücke
Schmut	Schmutz
Schmut	Schraut
Schmuti	Schraut!
Schmutk	Schmutz
Schneibtischplatte	Schreibtischplatte
Schniiffler	Schnüffler
Schniifflern	Schnüfflern
Schnnrrbart	Schnurrbart
Schnupftabah	Schnupftabak
Schnurvbart	Schnurrbart
Schoaut	Schraut
Schraat	Schraut
Schraiit	Schraut
Schraui	Schraut
Schrautf	Schraut!
Schrauti	Schraut!
Schrautl	Schraut!
Schred	Schreck
Schreibnmschine	Schreibmaschine
Schreibtifch	Schreibtisch
Schreibtifches	Schreibtisches
Schreihpapier	Schreibpapier
Schreihtisch	Schreibtisch
Schrejbtisch	Schreibtisch
Schriftstiich	Schriftstück
Schriftstiicken	Schriftstücken
Schriftstiicli	Schriftstück
Schriftstüch	Schriftstück
Schriststeller	Schriftsteller
Schrsaut	Schraut
Schuaut	Schraut
Schuldlosigbeit	Schuldlosigkeit
Schuste	Schufte
Schußwasfe	Schußwaffe
Schvaut	Schraut
Schvei	Schrei
Schwertbriider	Schwertbrüder
Schwertbriidern	Schwertbrüdern
Schäbe	Schätze
Schübe	Schütze
Schüben	Schützen
Schüffe	Schüsse
Schüsfe	Schüsse
Sdadt	Stadt
Sebr	Sehr
Sebunden	Sekunden
Seebiiren	Seebären
Seelcute	Seeleute
Seemannsgarm	Seemannsgarn
Seesahrt	Seefahrt
Sefjel	Sessel
Segelbdot	Segelboot
Sehensmiirdiglieit	Sehenswürdigkeit
Sehenswiirdigkeiten	Sehenswürdigkeiten
Sehte	Sekte
Seidenftoff	Seidenstoff
Seidensaden	Seidenfaden
Seidentiicher	Seidentücher
Seitenfliigel	Seitenflügel
Seitenpsorte	Seitenpforte
Seitenreile	Seitenteile
Sekuiiden	Sekunden
Sekunoen	Sekunden
Sekuwden	Sekunden
Sekvetär	Sekretär
Seliretiir	Sekretär
Selit	Sekt
Seliunden	Sekunden
Selsblöche	Felsblöcke
Selsen	Felsen
Sept	Jetzt
Shnen	Ihnen
Shr	Ihr
Shren	Ihren
Shxei	Schrei
Sicherheitsgefiihl	Sicherheitsgefühl
Siehft	Siehst
Siidamerikas	Südamerikas
Siiden	Süden
Siidens	Südens
Siidwind	Südwind
Silih	Sikh
Sinder	Inder
Sjntslut	Sintflut
Slielette	Skelette
Soban	Sobald
Socliel	Sockel
Sodel	Sockel
Sofaeclie	Sofaecke
Sofart	Sofort
Sohald	Sobald
Solgen	Folgen
Solon	Salon
Sosa	Sofa
Sosatisch	Sofatisch
Sosort	Sofort
Sparhuch	Sparbuch
Spieszgesellen	Spießgesellen
Spiirsinn	Spürsinn
Spite	Spitze
Spivbart	Spitzbart
Sportmiitze	Sportmütze
Sprachlienntnisse	Sprachkenntnisse
Sprengstosf	Sprengstoff
Spriihregen	Sprühregen
Sputen	Spuren
Sssel	Sessel
Stahlsesseln	Stahlfesseln
Stallgebiiude	Stallgebäude
Statian	Station
Stau	Frau
Steckbries	Steckbrief
Steilkiiste	Steilküste
Steiluser	Steilufer
Steilusers	Steilufers
Steinsliesen	Steinfliesen
Sterbesimmers	Sterbezimmers
Steubetage	Sterbetage
Stevn	Stern
Stiich	Stück
Stiicii	Stück
Stiick	Stück
Stiihle	Stühle
Stiimpfen	Stümpfen
Stiinme	Stimme
Stilckchen	Stückchen
Stinnne	Stimme
Stinnneni	Stimmen!
Stod	Stock
Strabe	Straße
Straffachen	Strafsachen
Strasse	Straße
Straßenfeite	Straßenseite
Straßenheleuchtung	Straßenbeleuchtung
Straßenliöter	Straßenköter
Streclie	Strecke
Stubenmiidchen	Stubenmädchen
Stubenniädchen	Stubenmädchen
Stvich	Strich
Stü	Stück
Stüch	Stück
Stürk	Stück
Sumpslöchern	Sumpflöchern
Swhlaf	Schlaf
Säben	Sätzen
Säclien	Säcken
Säde	Säcke
Säuser	Säufer
Ta	Da
Taae	Tage
Taaen	Tagen
Tafchenlampe	Taschenlampe
Tafees	Cafees
Takebage	Takelage
Tancher	Taucher
Tas	Das
Tas	las
Taschenlarnpe	Taschenlampe
Taschenmejser	Taschenmesser
Taschentiicher	Taschentücher
Taschentnch	Taschentuch
Taschienlampe	Taschenlampe
Taucherausriistung	Taucherausrüstung
Tbugs	Thugs
Tecil	Cecil
Teld	Geld
Telegvamm	Telegramm
Temp-evament	Temperament
Tempelhos	Tempelhof
Tempelhose	Tempelhofe
Ter	Der
Tervasse	Terrasse
Testamentsvollstrecher	Testamentsvollstrecker
Teufelej	Teufelei
Teusel	Teufel
Teusels	Teufels
Tevasse	Terasse
Teylon	Ceylon
Thauffeur	Chauffeur
Thauffeurs	Chauffeurs
Thaufseur	Chauffeur
Thinesen	Chinesen
Thngs	Thugs
Thugi	Thug!
Tiber	Aber
Tiber	über
Tidel	Titel
Tierath	Tierarzt
Tierbiindiger	Tierbändiger
Tierkamps	Tierkampf
Tiersiguren	Tierfiguren
Tiese	Tiefe
Tiesen	Tiefen
Tifchplatte	Tischplatte
Tiiir	Tür
Tiir	Tür
Tiiren	Türen
Tintensleck	Tintenfleck
Tischdeche	Tischdecke
Tischdeclie	Tischdecke
Titelseide	Titelseite
Tluto	Auto
Todgemeihten	Todgeweihten
Todseind	Todfeind
Torwölhung	Torwölbung
Totengriiber	Totengräber
Tourdainpfer	Tourdampfer
Traghahre	Tragbahre
Trah	Trab
Treppenstusen	Treppenstufen
Trovdem	Trotzdem
Trube	Truhe
Tu	Du
Tur	Tür
Tvesor	Tresor
Tätvwierung	Tätowierung
Türdriicker	Türdrücker
Türdrüchern	Türdrückern
Türfliigel	Türflügel
Türlilopfer	Türklopfer
Türössnung	Türöffnung
Ua	Na
Uach	Nach
Uachdrucb	Nachdruck
Uachdruck	Nachdruck
Uachen	Nachen
Uachforschungen	Nachforschungen
Uachgiebigkeit	Nachgiebigkeit
Uachher	Nachher
Uachi	Nacht
Uachmittag	Nachmittag
Uachsorschungen	Nachforschungen
Uacht	Nacht
Uachtleben	Nachtleben
Uachttisch	Nachttisch
Uachttischchen	Nachttischchen
Uachttische	Nachttische
Uachtzug	Nachtzug
Uachtzuge	Nachtzuge
Uadel	Nadel
Uadeln	Nadeln
Uagpur	Nagpur
Uame	Name
Uamen	Namen
Uase	Nase
Uasgpur	Nagpur
Uatiirlich	Natürlich
Ubr	Uhr
Ucber	Über
Uebenabsichten	Nebenabsichten
Uebenarm	Nebenarm
Uebenausgang	Nebenausgang
Uebenbei	Nebenbei
Uebendache	Nebendache
Uebengleis	Nebengleis
Uebenhäuschen	Nebenhäuschen
Uebenrolle	Nebenrolle
Uebensluß	Nebenfluß
Uebenstraße	Nebenstraße
Uebenzimmer	Nebenzimmer
Uebenzinnner	Nebenzinnner
Ueber	Über
Uebersahrt	Überfahrt
Uebersall	Überfall
Ueberschrist	Überschrift
Ueberzengnng	Überzeugung
Ueger	Neger
Uegerdorfe	Negerdorfe
Uegerdors	Negerdorf
Uehmen	Nehmen
Ueid	Neid
Uein	Nein
Uepal	Nepal
Uerbrechertum	Verbrechertum
Uerven	Nerven
Uervengift	Nervengift
Uervenkitzel	Nervenkitzel
Uerwundete	Verwundete
Ues	Yes
Ueues	Neues
Ueueste	Neueste
Ueuzeit	Neuzeit
Uhrliette	Uhrkette
Uicht	Nicht
Uichte	Nichte
Uichts	Nichts
Uickeluhr	Nickeluhr
Uiemals	Niemals
Uiemalsi	Niemals!
Uiemand	Niemand
Uiemandem	Niemandem
Uiemandi	Niemand!
Uiihe	Nähe
Uiiheres	Näheres
Uirgends	Nirgends
Uischen	Nischen
Uiähe	Nähe
Ulajor	Major
Ulalern	Malern
Ulann	Mann
Ulaster	Master
Ulein	Mein
Ulfter	Ulster
Uliitze	Mütze
Ulotor	Motor
Ulotorboote	Motorboote
Ulylord	Mylord
Umdeutlich	Undeutlich
Umfchlag	Umschlag
Umschbag	Umschlag
Umztngelung	Umzingelung
Unerhiirt	Unerhört
Unfer	Unser
Unfere	Unsere
Unfrigen	Unsrigen
Ungeschichlichkeit	Ungeschicklichkeit
Ungeschiclilichkeit	Ungeschicklichkeit
Ungezieser	Ungeziefer
Ungliick	Unglück
Unglüch	Unglück
Unlilaren	Unklaren
Unmillen	Unwillen
Unn	Um
Unseve	Unsere
Unterkärper	Unterkörper
Unterstiitzung	Unterstützung
Untersuchnng	Untersuchung
Unterwiirfigkeit	Unterwürfigkeit
Unterwäfche	Unterwäsche
Unto	Auto
Unversrorenheit	Unverfrorenheit
Unwillliiirlich	Unwillkürlich
Uoch	Noch
Uochinals	Nochmals
Uochmals	Nochmals
Uogi	Yogi
Uorden	Norden
Uordende	Nordende
Uordsee	Nordsee
Uordspitze	Nordspitze
Uordwest	Nordwest
Uork	York
Uorker	Yorker
Uorwegens	Norwegens
Uorweger	Norweger
Uot	Not
Uotiz	Notiz
Uotizen	Notizen
Uotjzen	Notizen
Uotsegeln	Notsegeln
Uovembertag	Novembertag
Ur	Nr
Urspriinglich	Ursprünglich
User	Ufer
Ust	Ist
Uu	Nu
Uun	Nun
Uur	Nur
Uuß	Nuß
Uwsinn	Unsinn
Uähe	Nähe
Uäheres	Näheres
Uässe	Nässe
Vachkammer	Dachkammer
Valperlon	Palperlon
Vame	Dame
Vampfer	Dampfer
Vampser	Dampfer
Vampsern	Dampfern
Vanke	Danke
Vann	Dann
Var	Bar
Varbatty	Warbatty
Vas	Das
Vaß	Daß
Vecb	Deck
Veine	Meine
Vepesche	Depesche
Vepeschie	Depesche
Veponierung	Deponierung
Ver	Der
Verbiindeten	Verbündeten
Verdannnt	Verdammt
Verfiigung	Verfügung
Verftede	Verstecke
Vergniigen	Vergnügen
Verhaltungsmaszregeln	Verhaltungsmaßregeln
Verhastung	Verhaftung
Verhrecher	Verbrecher
Verlause	Verlaufe
Verlirecher	Verbrecher
Verriicbtes	Verrücktes
Versicherungshetrug	Versicherungsbetrug
Versiihrer	Verführer
Vesto	Desto
Vetekdiv	Detektiv
Vetektioe	Detektive
Vetektiv	Detektiv
Vetektive	Detektive
Vetektivinspektor	Detektivinspektor
Vettler	Bettler
Viebesbande	Diebesbande
Viebin	Diebin
Vienerschast	Dienerschaft
Vienstmann	Dienstmann
Vieses	Dieses
Vietriche	Dietriche
Vila	Villa
Vilia	Villa
Viner	Diner
Vir	Wir
Vistole	Pistole
Viwan	Diwan
Voppelte	Doppelte
Vorioärts	Vorwärts
Vorläuser	Vorläufer
Vormand	Vorwand
Vormärts	Vorwärts
Vorschifs	Vorschiff
Vorsällen	Vorfällen
Vort	Dort
Vorvaum	Vorraum
Vrahtschlingen	Drahtschlingen
Vran	Frau
Vrau	Frau
Vrinzessin	Prinzessin
Vrivatsekretär	Privatsekretär
Wachslierze	Wachskerze
Wafter	Master
Waibatty	Warbatty
Wandschranh	Wandschrank
Wapitän	Kapitän
Warbaitty	Warbatty
Warbaity	Warbatty
Warbarty	Warbatty
Warbatiy	Warbatty
Warbatth	Warbatty
Warbatths	Warbattys
Warbattn	Warbatty
Warbattu	Warbatty
Warbattv	Warbatty
Warbattvl	Warbatty!
Warbattvs	Warbattys
Warbattyi	Warbatty!
Warbatw	Warbatty
Warbiatty	Warbatty
Warbiattys	Warbattys
Warbnttn	Warbatty
Warbnttys	Warbattys
Warbsatty	Warbatty
Wardatth	Warbatty
Wardattn	Warbatty
Wardatty	Warbatty
Warhatth	Warbatty
Warhatty	Warbatty
Warnemiinde	Warnemünde
Wasfen	Waffen
Wasse	Waffe
Wassersront	Wasserfront
Wassevansammlung	Wasseransammlung
Wassevarm	Wasserarm
Wavbattn	Warbatty
Wavbattv	Warbatty
Wavbatty	Warbatty
Wdlpoore	Wolpoore
Wea	Weg
Weaweiser	Wegweiser
Weftfliigel	Westflügel
Wehnsalon	Wohnsalon
Weibsbiid	Weibsbild
Weisz	Weiß
Weiterl	Weiter!
Weitschweisigkeit	Weitschweifigkeit
Weltliarte	Weltkarte
Weltrus	Weltruf
Werbatty	Warbatty
Werkers	Weckers
Werst	Werft
Westfliigel	Westflügel
Westhasen	Westhafen
Westiiiiste	Westküste
Westkiiste	Westküste
Westslügel	Westflügel
Wiarbattys	Warbattys
Wiinschen	Wünschen
Wiiste	Wüste
Windstäriie	Windstärke
Wirlilich	Wirklich
Witzhold	Witzbold
Wivd	Wird
Wnrbatty	Warbatty
Wohlgcboren	Wohlgeboren
Wohnkajiite	Wohnkajüte
Wollsäden	Wollfäden
Wolpoove	Wolpoore
Wolpooves	Wolpoores
Woniit	Womit
Worb	Wort
Woriiber	Worüber
Wortfiihrer	Wortführer
Wovauf	Worauf
Wracb	Wrack
Wrach	Wrack
Wrachs	Wracks
Wracii	Wrack
Wracli	Wrack
Wraclis	Wracks
Wracn	Wrack
Wsarbatty	Warbatty
Wunderelesanten	Wunderelefanten
ZJ	Ich
ZJm	Im
Zablreichen	Zahlreichen
Zahniirzte	Zahnärzte
Zaunpsahl	Zaunpfahl
Zch	Ich
Zeigesinger	Zeigefinger
Zeinent	Zement
Zeioefinger	Zeigefinger
Zellentiir	Zellentür
Zementhoden	Zementboden
Zerlinittert	Zerknittert
Zh	Ich
Zhnen	Ihnen
Ziaarren	Zigarren
Zie	Sie
Ziegelhau	Ziegelbau
Zifferhlatt	Zifferblatt
Zigaretden	Zigaretten
Zigaretien	Zigaretten
Zigarve	Zigarre
Zigavettenetui	Zigarettenetui
Zigiarette	Zigarette
Zigsarette	Zigarette
Zigsarettsen	Zigaretten
Zigsarre	Zigarre
Ziigarette	Zigarette
Ziigaretten	Zigaretten
Ziige	Züge
Zimimer	Zimmer
Zimmertiir	Zimmertür
Zimwer	Zimmer
Zinmern	Zimmern
Zinner	Zimmer
Zinnner	Zimmer
Zinnnier	Zimmer
Zn	In
Znschauer	Zuschauer
Znsel	Insel
Zucherrohr	Zuckerrohr
Zuder	Inder
Zufammenftoß	Zusammenstoß
Zugbriiche	Zugbrücke
Zugfiihrer	Zugführer
Zunieist	Zumeist
Zuriichfallen	Zurückfallen
Zurüch	Zurück
Zusammenaeknisfen	Zusammengekniffen
Zwe	Zweck
Zwech	Zweck
Zweche	Zwecke
Zwechmäßigen	Zweckmäßigen
Zweisel	Zweifel
Zwischenraumen	Zwischenräumen
[«	!«
[»	!«
]«	!«
]»	!«
aHt	acht
aanz	ganz
abergliiubisch	abergläubisch
abgerusen	abgerufen
abgeschiittelt	abgeschüttelt
abgesiihrt	abgeführt
abnabm	abnahm
abreifen	abreisen
absassen	abfassen
abstreisen	abstreifen
achfelzuchend	achselzuckend
achselzucbend	achselzuckend
achselzuchend	achselzuckend
achtechigen	achteckigen
adergläubischen	abergläubischen
aelangen	gelangen
aemacht	gemacht
aerschwand	verschwand
aesetzt	gesetzt
aesuchte	gesuchte
aesvielt	gespielt
aewesen	gewesen
aeöffnet	geöffnet
ahgeplattete	abgeplattete
aht	acht
ahzeichnete	abzeichnete
aiies	alles
aile	alle
ais	als
aites	altes
al	all
alS	als
alden	alten
alfo	also
alien	alten
alier	aller
aljo	also
allo	also
altehrmiirdigen	altehrwürdigen
altertiimliche	altertümliche
altertiimlichen	altertümlichen
alänzend	glänzend
anaenommen	angenommen
anblebte	anklebte
anch	auch
and	und
andeve	andere
anf	auf
anfgetaucht	aufgetaucht
angelie	angelte
angestistet	angestiftet
anlausen	anlaufen
anprjes	anpries
anriickte	anrückte
ansgebessert	ausgebessert
ansgepliindert	ausgeplündert
ansruhen	ausruhen
anzuzmeifeln	anzuzweifeln
anzweiselst	anzweifelst
arald	Harald
argwiihnte	argwöhnte
argwöbnte	argwöhnte
aroßen	großen
arst	Harst
asber	aber
asuf	auf
asz	aß
aszen	aßen
atte	hatte
au	zu
auc	auch
aud	auch
aufblären	aufklären
aufdechen	aufdecken
aufgedeclit	aufgedeckt
aufgefucht	aufgesucht
aufgehäugt	aufgehängt
aufgekniipft	aufgeknüpft
aufknüpsen	aufknüpfen
aufmerlisam	aufmerksam
aufspiiren	aufspüren
aufziihlen	aufzählen
auh	auch
aui	auf
auittiert	quittiert
aurid	zurück
ausaefischt	aufgefischt
ausbewahrt	aufbewahrt
ausborchen	aushorchen
ausdriichte	ausdrückte
ausgebaufen	ausgelaufen
ausgefunden	aufgefunden
ausgehäufte	aufgehäufte
ausgeiiesert	ausgeliefert
ausgekliigelt	ausgeklügelt
ausgekliigelten	ausgeklügelten
ausgelebt	aufgelebt
ausgeliliigelte	ausgeklügelte
ausgepliindert	ausgeplündert
ausgetaucht	aufgetaucht
ausgeweichte	aufgeweichte
aushlies	ausblies
aushändjgen	aushändigen
aushöre	aufhöre
ausmunternd	aufmunternd
ausniitzen	ausnützen
ausregend	aufregend
aussallend	auffallend
aussallendes	auffallendes
ausschütien	ausschütten
ausser	außer
aussiihren	ausführen
austauchte	auftauchte
austischte	auftischte
auszer	außer
auszufchalten	auszuschalten
auszuhiindigen	auszuhändigen
auszukliigeln	auszuklügeln
auszupaclien	auszupacken
auszuspüren	aufzuspüren
aut	gut
auth	auch
auß	aus
außerdein	außerdem
außevdem	außerdem
avs	aus
babe	habe
baben	haben
baft	hast
balb	halb
bam	kam
bann	dann
bann	kann
barst	Harst
batte	hatte
batten	hatten
baß	laß
beauftvagt	beauftragt
bebam	bekam
bebauschte	belauschte
beberzte	beherzte
bedecliten	bedeckten
bedrüclit	bedrückt
befaß	besaß
beffer	besser
befiken	besitzen
befuchen	besuchen
befveit	befreit
begreise	begreife
beiben	beiden
belephonierte	telephonierte
belommen	bekommen
bemerkie	bemerkte
bemerlit	bemerkt
bemiiht	bemüht
bennen	kennen
benugt	benutzt
beobachden	beobachten
beobachdet	beobachtet
beoegnet	begegnet
beohachtet	beobachtet
ber	der
beraus	heraus
beriichtigte	berüchtigte
beriichtigten	berüchtigten
beriilkmte	berühmte
beroubt	beraubt
besahl	befahl
besanden	befanden
besassen	besaßen
besaszen	besaßen
besder	bester
besehle	befehle
besehlend	befehlend
besehlende	befehlende
besestigte	befestigte
besiimmt	bestimmt
besiiße	besäße
besolgen	befolgen
bestehknde	bestehende
bestelli	bestellt
bestinnnt	bestimmt
bestätiat	bestätigt
besäsze	besäße
besörderten	beförderten
betrjfft	betrifft
beunrubigt	beunruhigt
beute	heute
bewachrichtigt	benachrichtigt
bewerbstelligen	bewerkstelligen
bewiefen	bewiesen
bie	die
bieiben	bleiben
bier	hier
bierher	hierher
biieb	blieb
binein	hinein
binterlistige	hinterlistige
biond	blond
bionde	blonde
bir	wir
biöher	bisher
blicte	blickte
blingelte	klingelte
blinlienden	blinkenden
blite	blickte
blutriinstige	blutrünstige
blärten	klärten
boher	hoher
bon	von
bovgen	borgen
brachde	brachte
brahten	brachten
braudte	brauchte
briillte	brüllte
briisten	brüsten
briitete	brütete
brüdig	brüchig
bvingen	bringen
bwld	bald
bärtia	bärtig
bübfch	hübsch
büclilingte	bücklingte
bücte	bückte
büdte	bückte
bümmere	kümmere
bürfie	dürfte
c3	es
c8	es
cady	Lady
ch	ich
chinesifche	chinesische
ctas	etwas
cud	auch
da8	daß
daB	daß
daS	das
daan	dann
dab	daß
dadellosen	tadellosen
daf	das
dafiir	dafür
dah	daß
dahei	dabei
dahiniagte	dahinjagte
dak	daß
dariiber	darüber
dars	darf
dart	dort
dasiir	dafür
dask	daß
dass	daß
dasz	daß
dat	daß
dauan	daran
davan	davon
davaus	daraus
davonstiirmte	davonstürmte
davonzukonnnen	davonzukommen
davonzustiirmen	davonzustürmen
degleichen	begleichen
deherrschte	beherrschte
dei	bei
deleuchtete	beleuchtete
demfelben	demselben
deni	dem
denlie	denke
denlit	denkt
depefchiert	depeschiert
derbergen	verbergen
derhastet	verhaftet
deri	den
dersprochen	versprochen
dert	dort
deshaib	deshalb
desharb	deshalb
deudet	deutet
devart	derart
deven	deren
diasz	daß
diaß	daß
dichen	dicken
dichi	dicht
dicite	dicke
dicse	diese
did	dich
diefe	diese
diefem	diesem
diefen	diesen
diefer	dieser
diefes	dieses
diejer	dieser
dier	der
dieseibe	dieselbe
dihf	dicht
diie	die
diinischen	dänischen
diirfte	dürfte
diirsen	dürfen
diirst	dürft
din	bin
dise	die
dje	die
dnftete	duftete
dnnn	dann
dnrch	durch
dnsz	daß
doH	doch
doc	doch
docd	doch
dod	doch
dog	doch
doh	doch
don	von
dor	der
dor	vor
dorf	dort
dori	dort
dortiae	dortige
draussen	draußen
drauszen	draußen
dreistiindiger	dreistündiger
driiben	drüben
driiciite	drückte
driickte	drückte
driiclite	drückte
driisben	drüben
drüclit	drückt
drüdte	drückte
ds	da
dsann	dann
dsas	das
dsaß	daß
dsem	dem
dsen	den
dser	der
dsie	die
ducbte	duckte
dunkelde	dunkelte
dunkelhäuvige	dunkelhäutige
dur	durch
durchans	durchaus
durchmasz	durchmaß
durchsuhren	durchfuhren
durd	durch
durh	durch
duvch	durch
dvauf	drauf
dvei	drei
dänifchen	dänischen
eS	es
ebenfo	ebenso
ed	es
efwa	etwa
einaebaute	eingebaute
einaeschaltet	eingeschaltet
einaesperrt	eingesperrt
eincn	einen
einein	einem
einfa	einfach
eingebeilt	eingekeilt
eingebratzt	eingekratzt
eingefchaltet	eingeschaltet
eingeflöszt	eingeflößt
eingehaut	eingebaut
eingehiillt	eingehüllt
eingepaszten	eingepaßten
eingeschlafert	eingeschläfert
eingeschnltet	eingeschaltet
eingescholtet	eingeschaltet
eingetrossen	eingetroffen
eingewicbelt	eingewickelt
eingewickclter	eingewickelter
eingveifen	eingreifen
einlausen	einlaufen
einlöfen	einlösen
einnral	einmal
einpaszte	einpaßte
einrejchten	einreichten
einriiderigen	einräderigen
einsach	einfach
einsallen	einfallen
einschatzt	einschätzt
einschlies	einschlief
einsinden	einfinden
einstiesz	einstieß
eintrisst	eintrifft
einwandsrei	einwandfrei
einziaes	einziges
eisgekiihltes	eisgekühltes
elektrifch	elektrisch
elelitrische	elektrische
els	elf
elvas	etwas
emporblichte	emporblickte
emporfiihrte	emporführte
endgijltig	endgültig
energjsch	energisch
englifchen	englischen
englishe	englische
englishen	englischen
englisher	englischer
englishes	englisches
enilockte	entlockte
enmordet	ermordet
entdecht	entdeckt
entdeciit	entdeckt
entfiihrte	entführte
entfühtt	entführt
entgejstert	entgeistert
enthiillen	enthüllen
entkloideten	entkleideten
entlanglies	entlanglief
entleidt	entleibt
entlochie	entlockte
entlochte	entlockte
entloclite	entlockte
entrüchten	entrückten
entschlüpste	entschlüpfte
entsebt	entsetzt
entsernt	entfernt
entserntesten	entferntesten
entseßt	entsetzt
entslohen	entflohen
entslohene	entflohene
enttäufcht	enttäuscht
enttäuschde	enttäuschte
eonnte	konnte
erblichen	erblicken
erblichte	erblickte
erbundigen	erbunkigen
erbunkigen	erkundigen
erfchossen	erschossen
erft	erst
erfte	erste
erften	ersten
ergehnislos	ergebnislos
erhohen	erhoben
eriibrigt	erübrigt
eril	erst
erledlgt	erledigt
erliannte	erkannte
erlofchen	erloschen
ermiederte	erwiederte
ermovdet	ermordet
erpreszte	erpreßte
ersahren	erfahren
erschrechte	erschreckte
ersiihre	erführe
ersiillt	erfüllt
ersinden	erfinden
erstichen	ersticken
erstichte	erstickte
ertvank	ertrank
erwischde	erwischte
erzähien	erzählen
eugänzen	ergänzen
eveignete	ereignete
evgriinden	ergründen
evgänzte	ergänzte
evmordet	ermordet
evstaunter	erstaunter
ex	er
faate	sagte
faft	fast
fagen	sagen
fagie	sagte
fagte	sagte
fah	sah
fahve	fahre
falfchen	falschen
falien	fallen
fam	kam
fann	kann
faß	saß
fch	sich
fchaltete	schaltete
fcheinbar	scheinbar
fcheues	scheues
fchießen	schießen
fchießt	schießt
fchildere	schildere
fchlosfen	schlossen
fchluchzte	schluchzte
fchnell	schnell
fchnellte	schnellte
fchob	schob
fchon	schon
fchrill	schrill
fchritt	schritt
fchritten	schritten
fchräg	schräg
fchwer	Schwer
fchwerwiegenden	schwerwiegenden
fchwitzte	schwitzte
febten	setzten
fehen	Sehen
fehr	sehr
fei	sei
feid	seid
felbft	Selbft
felten	Selten
femmelblonde	semmelblonde
fenke	senke
fennen	kennen
feoh	froh
fesizustellen	festzustellen
festgeklennnt	festgeklemmt
festschniirte	festschnürte
feßte	setzte
fhaute	schaute
fhon	schon
fi	sich
fib	sich
fic	sich
fich	sich
ficher	sicher
fid	sich
fie	sie
fieben	sieben
fiedt	steckt
fiedte	steckte
fih	sich
fiigte	fügte
fiihlte	fühlte
fiihren	führen
fiihrte	führte
fiihrten	führten
fiiisterte	flüsterte
fiinf	fünf
fiins	fünf
fiir	für
fiirchten	fürchten
find	sind
fiog	flog
fishe	fische
flang	klang
flein	klein
fleine	kleine
fleinen	kleinen
fleiner	kleiner
fleines	kleines
fliisterte	flüsterte
fliisterten	flüsterten
fläßten	flößten
flüfterte	flüsterte
flüsterde	flüsterte
flüsterie	flüsterte
fmglos	fraglos
fmnzösischen	französischen
fo	so
foaglos	fraglos
fofort	sofort
fogte	sagte
fol	soll
folaten	folgten
folchen	solchen
folde	solche
foll	soll
folle	solle
follen	sollen
follte	sollte
follten	sollten
fondern	sondern
fonft	sonst
fowohl	sowohl
fpionieren	spionieren
fragie	fragte
fragios	fraglos
fragwiirdig	fragwürdig
fragwiirdigen	fragwürdigen
freilih	freilich
friib	früh
friih	früh
friiher	früher
friiheren	früheren
frnglos	fraglos
fronnnen	frommen
fruher	früher
frühstiicbten	frühstückten
fschen	sehen
fsraglos	fraglos
ft	ist
ftand	stand
ftark	stark
ftecke	stecke
ftecte	steckte
ftede	stecke
fteden	stecken
ftedie	steckte
ftedt	steckt
ftedte	steckte
ftedten	steckten
ftehe	stehe
ftehen	stehen
ftehlen	stehlen
fteht	steht
fteigerten	steigerten
ftelle	stelle
ftet	stet
fteuert	steuert
ftumm	stumm
fuchte	suchte
fuhle	fühle
funs	fünf
fvaglas	fraglos
fvaglos	fraglos
fvagte	fragte
fvagwiirdige	fragwürdige
fvische	frische
fövmlich	förmlich
füate	fügte
fübren	führen
fügie	fügte
gaanz	ganz
gah	gab
gana	ganz
geaenüber	gegenüber
gebauden	gebauten
gebaufte	gekaufte
gebiihrt	gebührt
gebiirtige	gebürtige
gebijhrt	gebührt
gebnacht	gebracht
gebrauchssähig	gebrauchsfähig
gedämpster	gedämpfter
gefchafft	geschafft
gefliichtet	geflüchtet
gefpriichig	gesprächig
gefriihstückt	gefrühstückt
gefund	gesund
gefährlicheve	gefährlichere
gefärht	gefärbt
gegeniiber	gegenüber
gegliiciiter	geglückter
gegliickt	geglückt
gehiillt	gehüllt
gehts	geht’s
geknehelt	geknebelt
gekonnnen	gekommen
gelauschi	gelauscht
geletzt	gesetzt
geliauft	gekauft
geliiftet	gelüftet
geliistet	gelüstet
gelodt	gelockt
gemadjt	gemacht
gemaltige	gewaltige
gemebtes	gewebtes
gemeilt	geweilt
gemesen	gewesen
gemiitlich	gemütlich
gemiitlichen	gemütlichen
genade	gerade
genan	genau
geniigen	genügen
geniigend	genügend
geniigt	genügt
geniigte	genügte
geniigten	genügten
genua	genug
genuszreiche	genußreiche
gepacht	gepackt
geplünderi	geplündert
gerauht	geraucht
geriistet	gerüstet
gerjssenen	gerissenen
gerwde	gerade
gesahrlos	gefahrlos
gesahrvollen	gefahrvollen
gesaltetes	gefaltetes
gesangen	gefangen
gesangengehalten	gefangengehalten
gesangennahm	gefangennahm
gesaßte	gefaßte
geschmachvoller	geschmackvoller
geschmellt	geschnellt
geschmiickt	geschmückt
geschmockvoll	geschmackvoll
geschwoten	geschworen
gesebt	gesetzt
gesesselten	gefesselten
geseßyt	gesetzt
gesiillt	gefüllt
gesiindigt	gesündigt
geslickte	geflickte
gesliichtet	geflüchtet
geslohen	geflohen
gesrühstückt	gefrühstückt
gestecht	gesteckt
gestoszen	gestoßen
gesunden	gefunden
gesärbten	gefärbten
gesührt	geführt
gevade	gerade
gewavnt	gewarnt
gewälbte	gewölbte
geössnet	geöffnet
ghr	gar
gibi	gibt
gibts	gibt’s
giemlich	ziemlich
giht	gibt
giite	gute
gijhnte	gähnte
ginaen	gingen
gings	ging’s
glattvasierten	glattrasierten
glei	gleich
gleichgiiltig	gleichgültig
gleichsalls	gleichfalls
gleiszende	gleißende
gliickte	glückte
gliihte	glühte
glutheiszen	glutheißen
gnnz	ganz
gnt	gut
graszem	großem
grifsbereite	griffbereite
griiße	grüße
grisf	griff
gross	groß
grosse	große
grossen	großen
grosser	großer
grosze	große
groszen	großen
großziigige	großzügige
grössere	größere
grösseres	größeres
größeve	größere
habet	habe!
habte	hatte
had	hat
haft	hast
hageven	hageren
hai	hat
haiie	hatte
haist	Harst
haite	hatte
haiten	hatten
hal	hat
hals	half
hann	kann
hannst	kannst
harald	Harald
harst	Harst
hatve	hatte
hauchdiinn	hauchdünn
hauchdiinnen	hauchdünnen
haute	hauchte
hcch	hoch
heachtete	beachtete
hefähigste	befähigste
heimtiichische	heimtückische
heimtiickischen	heimtückischen
heinvatlich	heimatlich
heiseve	heisere
heisze	heiße
helleven	helleren
helsen	helfen
heranrust	heranruft
herauslochte	herauslockte
heraussinden	herausfinden
herauszusinden	herauszufinden
herbeigebvacht	herbeigebracht
herbeigefiihrte	herbeigeführte
hereingelausen	hereingelaufen
hereingerusen	hereingerufen
hereingesallen	hereingefallen
hereit	bereit
herfiihrt	herführt
hergeschiclit	hergeschickt
herumzudriicken	herumzudrücken
heruorgerusen	hervorgerufen
hervorgerusen	hervorgerufen
hervorzuvufen	hervorzurufen
hervovdrang	hervordrang
hesitzt	besitzt
hesonders	besonders
hevaus	heraus
hiarst	Harst
hieraus	hierauf
hiesz	hieß
hiibsche	hübsche
hiigelige	hügelige
hiigeligen	hügeligen
hiistelte	hüstelte
hiitete	hütete
hiitte	hätte
hilfsbereiien	hilfsbereiten
hils	hilf
hilst	hilft
hinabbesördert	hinabbefördert
hinausiiommen	hinauskommen
hinber	hinter
hineingebvacht	hineingebracht
hineingelaffen	hineingelassen
hinfiihrte	hinführte
hingefchaut	hingeschaut
hingesahren	hingefahren
hinlite	hinkte
hinznkamen	hinzukamen
his	bis
hittet	bittet
hjer	hier
hlamieren	blamieren
hlassem	blassem
hoc	hoch
hochgesahren	hochgefahren
hochten	hockten
hochzureiszen	hochzureißen
hoffnungssroh	hoffnungsfroh
hofste	hoffte
hofsten	hofften
hog	bog
hoh	hoch
hondeln	handeln
hosse	hoffe
hären	hören
hörie	hörte
hövbar	hörbar
i	ich
iQ	ich
ia	ja
iaaten	jagten
iachte	lachte
iafien	lassen
iatsächlich	tatsächlich
iatte	hatte
ibm	ihm
ibre	ihre
ibren	ihren
ic	ich
icb	ich
ichs	ich’s
id	ich
idem	dem
ider	der
idie	die
iebt	jetzt
ieder	jeder
iehr	sehr
iemand	jemand
iemandem	jemandem
iest	jetzt
ietzt	jetzt
ievt	jetzt
ießt	jetzt
if	ist
ift	ist
ih	ich
ihnn	ihm
ihsm	ihm
ihve	ihre
ihön	schön
iiajiite	Kajüte
iiajüte	Kajüte
iiarst	Harst
iiarsts	Harsts
iiber	über
iiberall	überall
iiberantworten	überantworten
iiberaus	überaus
iiberbrachte	überbrachte
iiberfallen	überfallen
iibergroßer	übergroßer
iiberhebt	überhebt
iiberhohen	überhohen
iiberlas	überlas
iiberlassen	überlassen
iiberlief	überlief
iibernächsten	übernächsten
iiberraschend	überraschend
iibersah	übersah
iibersallen	überfallen
iiberschätzt	überschätzt
iiberworfen	überworfen
iiberwältigt	überwältigt
iiberzeiige	überzeuge
iiberzeugt	überzeugt
iibevall	überall
iibrig	übrig
iibte	übte
iich	ich
iider	über
iih	ich
iiher	über
iiiber	über
iiiir	nur
iiiirze	kurze
iim	im
iin	im
iind	und
iini	um
iinr	nur
iiolz	Holz
iiorbsessel	Korbsessel
iisber	über
iisberfliissige	überflüssige
iit	ist
ijarft	Harst
ijarst	Harst
ijerr	Herr
ijt	ist
ilhr	Uhr
ilm	Um
ilm	ihm
ilsm	ihm
ilsn	ihn
imwer	immer
inaii	man
inan	man
ind	ins
inein	mein
ineinen	meinen
inf	ins
ingendwie	irgendwie
ini	im
inir	mir
init	mit
innner	immer
inusz	muß
io	so
irh	ich
irrefiihren	irreführen
irresiihren	irreführen
is	ist
ishn	ihn
ishr	ihr
isi	ist
ism	im
isn	in
ists	ist’s
it	ist
iun	tun
ivgend	irgend
ivie	wie
ivir	wir
ixh	ich
iächerlich	lächerlich
jagie	sagte
jah	sah
jchiege	schieße
jctzt	jetzt
jebt	jetzt
jebten	setzten
jebvt	jetzt
jedensalls	jedenfalls
jedod	jedoch
jegt	jetzt
jehen	sehen
jehr	sehr
jeht	jetzt
jei	sei
jeijt	jetzt
jeine	seine
jeit	seit
jeiten	seiten
jekt	jetzt
jest	jetzt
jet	jetzt
jett	jetzt
jetzi	jetzt
jevi	jetzt
jevt	jetzt
jeyt	jetzt
jezt	jetzt
jeßt	jetzt
jft	ist
ji	sich
jia	ja
jic	sie
jich	sich
jie	sie
jih	sich
jiidischen	jüdischen
jiingeres	jüngeres
jind	sind
jinden	finden
jlafen	schlafen
jm	im
jn	in
jnnge	junge
jo	so
job	schob
jofort	sofort
joll	soll
jollie	sollte
jollten	sollten
jpäter	später
jsa	ja
jtedie	steckte
kanns	kann’s
kauderwelfchte	kauderwelschte
kausen	kaufen
kauste	kaufte
kdnnte	könnte
kiar	klar
kieiner	kleiner
kieß	ließ
kiihlt	kühlt
kiinnnert	kümmert
kjiarst	Harst
klarwevden	klarwerden
klasfenden	klaffenden
klaver	klarer
klejdete	kleidete
kliiger	klüger
klochmals	Nochmals
kläven	klären
komnen	kommen
konmt	kommt
konnen	können
kopfschiittelnd	kopfschüttelnd
krampfbaft	krampfhaft
kranlihafter	krankhafter
k«	?«
k»	?«
kännte	könnte
köpste	köpfte
lVarbatty	Warbatty
lVas	Was
lVeg	Weg
lVir	Wir
labonisch	lakonisch
lacheln	lächeln
lachelte	lächelte
lachevlich	lächerlich
lachierte	lackierte
lafsen	lassen
lalsen	lassen
lanasam	langsam
lasfen	lassen
lasz	laß
lausen	laufen
learn	kam
lebtes	letztes
lech	leck
leclierer	leckerer
leerftehende	leerstehende
lefen	lesen
legie	legte
legter	letzter
lehnie	lehnte
lehter	letzter
leichtfiißig	leichtfüßig
leichtfüszig	leichtfüßig
leichtsertig	leichtfertig
leidlih	leidlich
leife	leise
leifes	leises
leiht	leicht
lenlren	lenken
lette	letzte
levt	jetzt
levten	letzten
levter	letzter
leyter	letzter
lezte	letzte
lezten	letzten
leßten	letzten
leßter	letzter
lfarft	Harst
lfarst	Harst
liabine	Kabine
liain	kam
liairo	Kairo
liajiite	Kajüte
liajiiten	Kajüten
liajiitfenster	Kajütfenster
lialb	halb
liam	kam
lianal	Kanal
liann	kann
liapitän	Kapitän
liarl	Karl
liarsjj	Harst
liarst	Harst
liarsts	Harsts
liasten	Kasten
liastenwesen	Kastenwesen
liauft	kauft
liaufte	kaufte
liaum	kaum
lieat	liegt
liebenswiirdig	liebenswürdig
liebenswiivdig	liebenswürdig
liebenswiivdigen	liebenswürdigen
liebi	liebt
lieher	lieber
liein	kein
lieine	keine
lieinen	keinen
liek	ließ
liellergewölbe	Kellergewölbe
liellner	Kellner
liennt	kennt
liessen	ließen
liesz	ließ
lieuchte	keuchte
liieine	kleine
liigen	lügen
liiinnen	können
liiirzer	kürzer
lilang	klang
lilappe	Klappe
lilein	klein
lileine	kleine
lileinen	kleinen
lilettere	klettere
lilub	Klub
lilug	klug
lilädchen	Mädchen
lind	Und
linlie	linke
linlien	linken
lioinmen	kommen
liolombo	Kolombo
liommen	kommen
lionnte	konnte
lionnten	konnten
liopenhagen	Kopenhagen
liops	Kopf
liosten	kosten
liranli	krank
liurz	kurz
liurze	kurze
liöstlichen	köstlichen
ljarald	Harald
ljarft	Harst
ljarst	Harst
ljarsts	Harsts
ljiarst	Harst
ljsarst	Harst
llach	Nach
llacht	Nacht
lleber	lieber
lleber	Über
lliir	Tür
lllarbattys	Warbattys
lllir	Wir
llun	Nun
locen	locken
lsarst	Harst
luto	Auto
lwg	lag
längsi	längst
läszt	läßt
lügsen	lügen
m	in
machde	machte
made	machte
maden	machen
madte	machte
mandte	wandte
mar	war
marbattn	Warbatty
marbatty	Warbatty
marbattys	Warbattys
maren	waren
marnungsbrief	Warnungsbrief
marten	warten
martet	wartet
mas	was
massersäule	Wassersäule
mate	machte
md	und
mebr	mehr
mechselt	wechselt
meh	weh
meinde	meinte
meinie	meinte
meisz	weiß
meltruhm	Weltruhm
mer	wer
merden	werden
merkie	merkte
merkwiirdig	merkwürdig
merkwiirdige	merkwürdige
merkwiirdigen	merkwürdigen
mi	mich
miH	mich
mic	mich
micht	nicht
michtiges	wichtiges
mickelte	wickelte
mid	mich
mie	wie
mieder	wieder
mih	mich
mii	mit
miide	müde
miirbe	mürbe
miirde	würde
miirdig	würdig
miisse	müsse
miissen	müssen
miiszte	müßte
miit	mit
miißte	müßte
mil	mit
mindesrens	mindestens
misztrauisch	mißtrauisch
mitnimnrt	mitnimmt
mittelgrosse	mittelgroße
mitwirlit	mitwirkt
miusz	muß
mix	mir
mißgliichten	mißglückten
mißglücbt	mißglückt
mißtrauifch	mißtrauisch
mißtraujsch	mißtrauisch
mißtvauisch	mißtrauisch
mjch	mich
mn	um
mnchte	machte
mnn	man
mo	wo
moch	noch
mohnsalon	Wohnsalon
mohnschiff	Wohnschiff
mohnte	wohnte
mollen	wollen
molpoore	Wolpoore
molpoores	Wolpoores
moran	woran
movgen	morgen
mrich	mich
mrit	mit
msir	mir
msit	mit
mtt	mit
muBte	mußte
much	auch
muf	auf
muf	muß
mur	nur
murde	wurde
murinelte	murmelte
muss	muß
musz	muß
muszte	mußte
mährend	während
märe	wäre
möchie	möchte
mürde	würde
naH	nach
nabe	nahe
naber	nacher
nac	nach
nach4	nach
nachgedunlielte	nachgedunkelte
nachgespiirt	nachgespürt
nachnrittag	nachmittag
nachs	nachts
nachspiirte	nachspürte
nachzupriifen	nachzuprüfen
nachzuspüven	nachzuspüren
nad	nach
naffen	nassen
nag	nach
nah	nach
nahts	nachts
naiiirlich	natürlich
nainn	nahm
natiierlich	natürlich
natiirlich	natürlich
natiirljch	natürlich
natüriich	natürlich
nbnahm	abnahm
nchr	mehr
nd	und
ndch	noch
nengierigen	neugierigen
nentral	neutral
nerankern	verankern
nerbrecherische	verbrecherische
nerdächtige	verdächtige
nergittert	vergittert
nergitterten	vergitterten
nerkleidet	verkleidet
nerlegene	verlegene
nernös	nervös
nernöser	nervöser
nerschleierte	verschleierte
nerschollen	verschollen
nersolgte	verfolgte
nersuchte	versuchte
newös	nervös
newöser	nervöser
ni	nicht
niHt	nicht
niachen	machen
nial	mal
nian	man
nicbte	nickte
nichi	nicht
nichr	nicht
nichte	nickte
nichtsi	nichts!
nichtsl	nichts!
nici	nicht
nickde	nickte
niclist	nickst
niclite	nickte
nict	nicht
nicte	nickte
nid	nicht
nidt	nicht
nidte	nickte
niedergebvannt	niedergebrannt
niederzufchießen	niederzuschießen
niehr	mehr
nieinte	meinte
nielsagend	vielsagend
niht	nicht
nihts	nichts
niich	mich
niimlich	nämlich
niir	nur
niit	mit
nimwer	nimmer
nit	nicht
nite	nickte
njclite	nickte
nmdrehte	umdrehte
nmspielt	umspielt
nnb	und
nnd	und
nnn	nun
nnr	nur
nns	uns
nnsere	unsere
nnsässig	ansässig
nntergebracht	untergebracht
no	noch
noFH	noch
noFg	noch
noFh	noch
noc	noch
nocd	noch
noch4	noch
nochg	noch
nod	noch
noh	noch
non	von
nor	vor
norbeftrafte	vorbestrafte
norbeugen	vorbeugen
norzeitig	vorzeitig
notwegisch	norwegisch
nral	mal
nrich	mich
nrir	mir
nrit	mit
nrittelgrosz	mittelgroß
nrißtrauisch	mißtrauisch
nrißtönend	mißtönend
nruß	muß
nsach	nach
nsun	nun
ntergebracht	untergebracht
ntir	mir
nuf	auf
num	nun
nux	nur
nvit	mit
nzir	mir
nächfte	nächste
nächften	nächsten
nächtbiche	nächtliche
nämljch	nämlich
növdlich	nördlich
odez	oder
oem	dem
oen	den
oerbargen	verbargen
oerbeugt	verbeugt
oerblutet	verblutet
oerblüffend	verblüffend
oerbracht	verbracht
oerbreiten	verbreiten
oerdutzt	verdutzt
oerdächtigen	verdächtigen
oerehrtester	verehrtester
oerftärkte	verstärkte
oerfügt	verfügt
oergaßen	vergaßen
oergiftet	vergiftet
oergiftete	vergiftete
oergriimte	vergrämte
oerhaftet	verhaftet
oerheimlicht	verheimlicht
oerlassen	verlassen
oerlobte	verlobte
oermiete	vermiete
oermute	vermute
oernichtet	vernichtet
oerprassen	verprassen
oerriegelte	verriegelte
oerriet	verriet
oerrieten	verrieten
oerriickt	verrückt
oerräterisch	verräterisch
oerschiedentlich	verschiedentlich
oerschleierte	verschleierte
oerschlossene	verschlossene
oerschlungenen	verschlungenen
oerschwand	verschwand
oerschwunden	verschwunden
oersicherten	versicherten
oersieaeln	versiegeln
oerstörte	verstörte
oertraten	vertraten
oertraulich	vertraulich
oerzwickten	verzwickten
oeräußern	veräußern
oeumutete	vermutete
ohnmiichtig	ohnmächtig
oie	die
oiel	viel
oielleicht	vielleicht
oielseitig	vielseitig
oier	vier
olante	plante
oleichsalls	gleichfalls
oom	vom
oon	von
oor	vor
oorderster	vorderster
oorfand	vorfand
oorgetäuscht	vorgetäuscht
oorhielten	vorhielten
oorhin	vorhin
ooriiber	vorüber
oortraten	vortraten
oorwegzunehmen	vorwegzunehmen
oorzutäuschen	vorzutäuschen
opsern	opfern
osfenbar	offenbar
ossen	offen
ossenbar	offenbar
oöllig	völlig
pact	paar
paden	packen
padte	packte
palperlon	Palperlon
parkiihnilichen	parkähnlichen
passte	paßte
patte	packte
peiter	weiter
perden	werden
pinfeln	pinseln
platen	platzen
pliindern	plündern
plovlih	plötzlich
plöglich	plötzlich
plöplichen	plötzlichen
plöslich	plötzlich
plötziich	plötzlich
plövlich	plötzlich
polizei	Polizei
polizeidirelitor	Polizeidirektor
pollen	wollen
preffen	pressen
priichtiges	prächtiges
primitioen	primitiven
prunliuoll	prunkvoll
prüste	prüfte
pvall	prall
pvallte	prallte
ranchten	rauchten
rappelde	rappelte
rassiniert	raffiniert
rassinierte	raffinierte
rassiniertes	raffiniertes
rau	Frau
rauchie	rauchte
raudte	rauchte
raunfe	raunte
rechnesi	rechnest
reclite	reckte
rect	recht
recten	rechten
redte	reckte
reichsie	reichste
reihen	reichen
reiher	reicher
reiseren	reiferen
rergiftete	vergiftete
ret	recht
riauchte	rauchte
ries	rief
riickten	rückten
riitselhaft	rätselhaft
riitteln	rütteln
riittelt	rüttelt
riittelte	rüttelte
risz	riß
rnir	mir
rothlonde	rotblonde
rucliweise	ruckweise
rudte	ruckte
run	nun
ruwde	runde
rätfelhaft	rätselhaft
rätselhasi	rätselhaft
rätselhaste	rätselhafte
rüchwärtigen	rückwärtigen
rückstchtslos	rücksichtslos
rüden	rücken
sa	ja
sa	so
saate	sagte
sab	sah
saeben	soeben
sagenannter	sogenannter
sagie	sagte
sagle	sagte
sahl	fahl
sahle	fahle
sahren	fahren
sahrt	fahrt
salls	falls
saltenlos	faltenlos
samos	famos
sand	fand
sanjtären	sanitären
sarald	Harald
sasien	saßen
sassen	fassen
sast	fast
sasz	saß
saszen	saßen
saszest	saßest
saszte	faßte
saute	schaute
saßte	faßte
sch	ich
schadigen	schädigen
schan	schon
scharsen	scharfen
schdb	schob
schdssen	schossen
schen	sehen
scherzhnft	scherzhaft
schichen	schicken
schiittelte	schüttelte
schiitzen	schützen
schildeve	schildere
schimpfie	schimpfte
schjeße	schieße
schlase	schlafe
schlasen	schlafen
schlies	schlief
schliesslich	schließlich
schliipfte	schlüpfte
schliipsrig	schlüpfrig
schlüpste	schlüpfte
schmer	schwer
schmerzde	schmerzte
schmerziichen	schmerzlichen
schmierjgen	schmierigen
schosz	schoß
schrillien	schrillten
schwermiitiger	schwermütiger
schwerwjegenden	schwerwiegenden
scine	seine
sdammelte	stammelte
sdand	stand
sdem	dem
sder	der
sdie	die
sebr	sehr
sebte	setzte
sebten	setzten
segen	setzen
sehlersrei	fehlerfrei
sehlt	fehlt
sehs	sechs
seierlichen	feierlichen
seini	sein!
seitsame	seltsame
selbsttiitig	selbsttätig
selsigen	felsigen
sem	sein
seroiert	serviert
sertig	fertig
sest	fest
sestes	festes
sestgebunden	festgebunden
sestgefahren	festgefahren
sestgemacht	festgemacht
sestnehnien	festnehmen
sete	setzte
seten	setzen
sette	setzte
seuern	feuern
seuerte	feuerte
seyten	setzten
sfraglos	fraglos
sh	ich
shon	schon
shwand	schwand
shwer	schwer
si	sich
siah	sich
siand	stand
sic	sich
sicb	sich
sicber	sicher
sichs	sich
sicht	sieht
siczer	sicher
sid	sich
sieberte	fieberte
siel	fiel
sielte	zielte
sih	sich
siher	sicher
siidwiirts	südwärts
siidöftlich	südöstlich
siigte	fügte
siihren	führen
siihrenden	führenden
siihrte	führte
siihrten	führten
siillte	füllte
siinf	fünf
siinfzehn	fünfzehn
siins	fünf
siir	für
siirchte	fürchte
siirchten	fürchten
siirchtete	fürchtete
siisdöstlich	südöstlich
siiszlichen	süßlichen
siißlicher	süßlicher
sijr	für
sinden	finden
sindet	findet
sinnlase	sinnlose
sinsteres	finsteres
sirm	firm
sith	sich
siven	sitzen
sißt	sitzt
siüsterte	flüsterte
slehe	flehe
sliichtig	flüchtig
sliisierte	flüsterte
sliissig	flüssig
sliistern	flüstern
sliisternd	flüsternd
sliisternde	flüsternde
sliisterte	flüsterte
slötete	flötete
slüssiges	flüssiges
slüsterte	flüsterte
sngie	sagte
snoch	noch
soforti	sofort!
soiien	sollen
solhen	solchen
solite	sollte
sollde	sollte
somohl	sowohl
son	schon
sormte	formte
sort	fort
sosort	sofort
spater	später
spieiten	spielten
spiihte	spähte
splelen	spielen
sprah	sprach
sprana	sprang
sprehen	sprechen
sprungbeveit	sprungbereit
spvang	sprang
späteve	spätere
sragien	fragten
sraglos	fraglos
sragte	fragte
srei	frei
sreigebig	freigebig
sreigibt	freigibt
sreistehende	freistehende
sriedfertige	friedfertige
sriih	früh
sroh	froh
sromme	fromme
srüh	früh
ssetzte	setzte
starli	stark
stechte	steckte
steclie	stecke
steclite	steckte
stehi	steht
steis	stets
stellie	stellte
stiesz	stieß
stiirmischen	stürmischen
stiirmte	stürmte
stiitzten	stützten
stmnpssinnig	stumpfsinnig
stochdunlile	stockdunkle
stocliend	stockend
stolperie	stolperte
stoppden	stoppten
stossweise	stoßweise
strannnen	strammen
streisten	streiften
strengie	strengte
stundenianger	stundenlanger
stärbten	stärkten
suhr	fuhr
svaglos	fraglos
swie	wie
sällt	fällt
sür	für
sütterte	fütterte
tagsiiber	tagsüber
tanschten	tauschten
tatfächlic	tatsächlich
tatjächlich	tatsächlich
tats	tat’s
telegraphierie	telegraphierte
telepbonierte	telephonierte
ties	tief
tiese	tiefe
tieser	tiefer
tiin	tun
tiiuschte	täuschte
toaren	waren
toir	wir
tragishe	tragische
trane	traue
tras	traf
traude	traute
tressen	treffen
trisst	trifft
trob	trotz
trochenen	trockenen
trochneie	trocknete
troy	trotz
troß	trotz
trunliener	trunkener
träsen	träfen
tvaf	traf
tvat	trat
tvefflichste	trefflichste
tvenn	wenn
tverde	werde
twoir	wir
tür	für
uberfuhren	überfuhren
ud	und
ueranlassen	veranlassen
uerbeugte	verbeugte
uerbitte	verbitte
uerborgene	verborgene
uerbrecherische	verbrecherische
uerdeckt	verdeckt
uergewissern	vergewissern
uergiftete	vergiftete
uerheirateten	verheirateten
uerkleideter	verkleideter
uerrosteten	verrosteten
uerschwommene	verschwommene
uersiegelt	versiegelt
uersügende	verfügende
uerteufelten	verteufelten
uertäut	vertäut
uerurteilt	verurteilt
uerzichtete	verzichtete
uiel	viel
uiele	viele
uier	vier
uin	um
uind	und
umd	und
umgebvacht	umgebracht
umgeliippt	umgekippt
umgesunilien	umgesunken
umherschweisen	umherschweifen
umlausende	umlaufende
umlausenden	umlaufenden
umsuhren	umfuhren
umvauschden	umrauschten
unS	uns
unb	und
unbebaude	unbebaute
under	unter
underührten	unberührten
undeutkicher	undeutlicher
unerlilärlich	enerklärlich
unerwiinscht	unerwünscht
unfanft	unsanft
unfaßharen	unfaßbaren
unfer	unser
unfere	unsere
unferem	unserem
unferen	unseren
ungefund	ungesund
ungeheuver	ungeheurer
ungeiibte	ungeübte
ungeiibter	ungeübter
ungeschlisfener	ungeschliffener
ungesärbt	ungefärbt
ungläwbiges	ungläubiges
unh	und
unhöfljch	unhöflich
unhöslich	unhöflich
unid	und
unjer	unser
unliingst	unlängst
unmäglich	unmöglich
unsd	und
unsehlbarer	unfehlbarer
unseve	unsere
untergeoangen	untergegangen
unterschätzti	unterschätzt!
unterwiirfig	unterwürfig
unverbohlen	unverhohlen
unverfvoven	unverfroren
unwabrscheinlich	unwahrscheinlich
unwiirdigen	unwürdigen
uoll	voll
uon	von
uor	vor
uornherein	vornherein
uorwärts	vorwärts
usnd	und
uwd	und
uöllig	völlig
vaffiniert	raffiniert
vaffinierte	raffinierte
vaffinierteste	raffinierteste
var	vor
var	war
varald	Harald
vas	das
vasfiniert	raffiniert
vasiert	rasiert
vat	hat
vauben	rauben
vauchte	rauchte
vaß	daß
vdr	vor
vechi	recht
vecht	recht
veges	reges
vegnen	regnen
veich	reich
veil	weil
veizte	reizte
vem	dem
ven	den
vendiente	verdiente
ver	der
verabfchiedeten	verabschiedeten
verbaftet	verhaftet
verbiirgten	verbürgten
verbliihtes	verblühtes
verbvecherischen	verbrecherischen
verfchleierte	verschleierte
verfchwunden	verschwunden
verfichern	versichern
verftedi	versteckt
verfügi	verfügt
verhärt	verhört
verjtehit	verstehst
verkahlte	verkohlte
verliegen	verließen
verlies	verließ
verpacht	verpackt
verpriigeln	verprügeln
verpriigelten	verprügelten
verschafsten	verschafften
verschiagenen	verschlagenen
verschslucht	verschluckt
verseßt	versetzt
vershwinden	verschwinden
versiigt	verfügt
versiörte	verstörte
verspvach	versprach
verstiimmelte	verstümmelte
verstrjch	verstrich
verstveute	verstreute
verstärbte	verstärkte
vertiiut	vertäut
vertoauten	vertrauten
verzinlitem	verzinktem
ves	des
vevdächtige	verdächtige
vevsprach	versprach
vichtig	richtig
vie	die
vief	rief
vieleicht	vielleicht
vielfagend	vielsagend
viellciht	vielleicht
vielleiht	vielleicht
vielleit	vielleicht
vielsachen	vielfachen
vieser	dieser
vir	wir
voiie	volle
voiier	voller
vollkomnnen	vollkommen
voni	vom
vorbatte	vorhatte
vorbeifchaun	vorbeischaun
vorbeifchritt	vorbeischritt
vorniiber	vornüber
vorsand	vorfand
vorschoh	vorschob
vort	dort
vorwärtsi	vorwärts!
vostlagernd	postlagernd
vovhat	vorhat
vrächtig	prächtig
wachfen	wachsen
wahrhastig	wahrhaftig
wahrnehmbaves	wahrnehmbares
wars	war’s
waven	waren
wavme	warme
wavmherzigen	warmherzigen
wea	weg
wecbt	weckt
weghalb	weshalb
wegsallen	wegfallen
wehi	weht
weiss	weiß
weizen	weißen
weißbiirtige	weißbärtige
weltentriickt	weltentrückt
weltserne	weltferne
wenns	wenn’s
werben	werden
weshaib	weshalb
wetter	weiter
wevden	werden
wghl	wohl
wiar	war
wias	was
wicht	nicht
widerstrebemd	widerstrebend
wiffen	wissen
wiinscht	wünscht
wiinschte	wünschte
wiir	wir
wiirde	würde
wiirden	würden
wiirdest	würdest
wiirgte	würgte
wiiszke	wüßte
wiivde	würde
wiißte	wüßte
winlite	winkte
wirdi	wird!
wirkli	wirklich
wirklic	wirklich
wirklih	wirklich
wirlit	wirkt
wirlite	wirkte
wirs	wir’s
wisfen	wissen
wivd	wird
wjderliche	widerliche
wnrf	warf
wobl	wohl
wodlig	wohlig
wohlbehalden	wohlbehalten
woilte	wollte
wol	wohl
wolite	wollte
wolli	wollt
wollle	wollte
wolltesi	wolltest
worten	worden
wos	was
wovan	woran
wovden	worden
wsar	war
wsenn	wenn
wsie	wie
wsir	wir
wso	wo
wufzte	wußte
wuszte	wußte
wuszten	wußten
wuvde	wurde
wärs	wär’s
wüvde	würde
yermietet	vermietet
yorher	vorher
zerade	gerade
zermiirht	zermürbt
zerriittetem	zerrüttetem
zii	zu
ziindeie	zündete
zinder	Inder
zinn	zum
zmar	zwar
zmei	zwei
zmneist	zumeist
zmr	zur
zn	zu
zoaen	zogen
zsu	zu
zuchte	zuckte
zuciiend	zuckend
zucte	zuckte
zudrüclite	zudrückte
zuf	auf
zufammen	zusammen
zufammenhängt	zusammenhängt
zufällia	zufällig
zugeblappten	zugeklappten
zugedriickt	zugedrückt
zugefliistert	zugeflüstert
zugehöri	zugehört
zugeknjffen	zugekniffen
zugerusen	zugerufen
zugeschicht	zugeschickt
zugesliistert	zugeflüstert
zugesteclit	zugesteckt
zuischen	zwischen
zumejst	zumeist
zumerfen	zuwerfen
zuniichst	zunächst
zupste	zupfte
zurid	zurück
zuries	zurief
zuriesen	zuriefen
zuriich	zurück
zuriick	zurück
zuriickgelassen	zurückgelassen
zuriickgezogen	zurückgezogen
zuriickkehrten	zurückkehrten
zurü	zurück
zurüch	zurück
zurüchfallen	zurückfallen
zurüchgetreten	zurückgetreten
zurüchgingen	zurückgingen
zurüchhaltend	zurückhaltend
zurüchzufinden	zurückzufinden
zurüchzukehren	zurückzukehren
zurüchzurufen	zurückzurufen
zurückl	zurück!
zurückt	zurück!
zurüd	zurück
zurüs	zurück
zusammengepreszten	zusammengepreßten
zusannnen	zusammen
zusällig	zufällig
zuweist	zumeist
zwecblos	zwecklos
zwecblose	zwecklose
zwechlos	zwecklos
zwechlose	zwecklose
zwechs	zwecks
zweckles	zwecklos
zweclilos	zwecklos
zwängie	zwängte
«…	»…
Östküste	Ostküste
Über	Aber
Übt	Uhr
änßerste	äußerste
ärnilicher	ärmlicher
äußerfte	äußerste
össnete	öffnete
überlilettert	überklettert
übersiel	überfiel
übersüllten	überfüllten
übertänt	übertönt
überwucht	überwacht
überwäitigte	überwältigte
übevsiehst	übersiehst
ür	für
üsber	über
ſic	sie
—!"	—!«
—"	—«
—“	—«
—”	—«
’’	«
“	«
“,	«,
“.	«.
“.“	«.«
”	«
”.	«.
„	»
„—	»—
…!!!	…!!
…!!!«	…!!«
…!!"	…!!«
…!"	…!«
…"	…«
…?!!	…?!
…?!!«	…?!«
…?!"	…?!«
…?"	…?«
……	…
€3	Es
